URL,title,type,act,cmy,crm,doc,drm,eur,fml,fnt,hrr,hst,msc,rma,scf,spt,trl,war,wsn,ani,rly
https://www.justwatch.com/us/movie/train-to-busan,train-to-busan,movies,1,,,,,,,,1,,,,,,1,,,,
https://www.justwatch.com/us/movie/j-s-a-joint-security-area,j-s-a-joint-security-area,movies,1,,,,1,,,,,,,,,,1,1,,,
https://www.justwatch.com/us/movie/the-outlaws,the-outlaws,movies,1,,1,,,,,,,,,,,,1,,,,
https://www.justwatch.com/us/movie/the-man-from-nowhere,the-man-from-nowhere,movies,1,,1,,1,,,,,,,,,,1,,,,
https://www.justwatch.com/us/movie/a-taxi-driver,a-taxi-driver,movies,1,,,,1,,,,,1,,,,,,,,,
https://www.justwatch.com/us/movie/the-gangster-the-cop-the-devil,the-gangster-the-cop-the-devil,movies,1,,1,,,,,,,,,,,,1,,,,
https://www.justwatch.com/us/movie/along-with-the-gods-the-two-worlds,along-with-the-gods-the-two-worlds,movies,1,,,,1,,,1,,,,,,,1,,,,
https://www.justwatch.com/us/movie/the-witch-part-1-the-subversion,the-witch-part-1-the-subversion,movies,1,,,,,1,,,,,,,1,,1,,,,
https://www.justwatch.com/us/movie/memoir-of-a-murderer,memoir-of-a-murderer,movies,1,,1,,,,,,,,,,,,1,,,,
https://www.justwatch.com/us/movie/along-with-the-gods-the-last-49-days,along-with-the-gods-the-last-49-days,movies,1,,,,1,,,1,,,,,,,1,,,,
https://www.justwatch.com/us/movie/memories-of-the-sword,memories-of-the-sword,movies,1,,,,1,,,,,1,,1,,,,,,,
https://www.justwatch.com/us/movie/the-battle-of-jangsari,the-battle-of-jangsari,movies,1,,,,1,,,,,1,,,,,,1,,,
https://www.justwatch.com/us/movie/insiders,insiders,movies,1,,1,,1,,,,,,,,,,1,,,,
https://www.justwatch.com/us/movie/a-company-man,a-company-man,movies,1,,1,,1,,,,,,,,,,1,,,,
https://www.justwatch.com/us/movie/a-violent-prosecutor,a-violent-prosecutor,movies,1,1,1,,,,,,,,,,,,1,,,,
https://www.justwatch.com/us/movie/the-great-battle,the-great-battle,movies,1,,,,1,,,,,1,,,,,,1,,,
https://www.justwatch.com/us/movie/the-divine-fury,the-divine-fury,movies,1,,,,,,,,1,,,,,,1,,,,
https://www.justwatch.com/us/movie/deliver-us-from-evil-2020,deliver-us-from-evil-2020,movies,1,,1,,,,,,,,,,,,1,,,,
https://www.justwatch.com/us/movie/rampant,rampant,movies,1,,,,1,,,1,1,1,,,,,1,,1,,
https://www.justwatch.com/us/movie/luck-key,luck-key,movies,1,1,1,,,,,,,,,,,,,,,,
https://www.justwatch.com/us/movie/spiritwalker,spiritwalker,movies,1,,,,,,,1,,,,,,,1,,,,
https://www.justwatch.com/us/movie/the-swindlers,the-swindlers,movies,1,,1,,,,,,,,,,,,1,,,,
https://www.justwatch.com/us/movie/a-special-lady,a-special-lady,movies,1,,1,,,,,,,,,,,,,,,,
https://www.justwatch.com/us/movie/war-of-the-arrows,war-of-the-arrows,movies,1,,,,1,,,,,1,,,,,,,,,
https://www.justwatch.com/us/movie/tunnel,tunnel,movies,1,,,,1,,,,,,,,,,1,,,,
https://www.justwatch.com/us/movie/assassination,assassination,movies,1,,,,1,,,,,,,,,,1,,,,
https://www.justwatch.com/us/movie/haunters-2010,haunters-2010,movies,1,,,,,,,,,,,,1,,1,,,,
https://www.justwatch.com/us/movie/the-battle-roar-to-victory,the-battle-roar-to-victory,movies,1,,,,,,,,,1,,,,,,1,,,
https://www.justwatch.com/us/movie/the-thieves,the-thieves,movies,1,1,1,,,,,,,,,,,,1,,,,
https://www.justwatch.com/us/movie/the-pirates-2014,the-pirates-2014,movies,1,1,,,,,,1,,,,,,,,,,,
https://www.justwatch.com/us/movie/kundo-age-of-the-rampant,kundo-age-of-the-rampant,movies,1,,,,1,,,,,,,,,,,,,,
https://www.justwatch.com/us/movie/mission-possible-2021,mission-possible-2021,movies,1,1,1,,,,,,,,,,,,1,,,,
https://www.justwatch.com/us/movie/cold-eyes,cold-eyes,movies,1,,1,,,,,,,,,,,,1,,,,
https://www.justwatch.com/us/movie/the-dude-in-me,the-dude-in-me,movies,1,1,,,,,,1,,,,,,,,,,,
https://www.justwatch.com/us/movie/ok-madam,ok-madam,movies,1,1,,,,,,,,,,,,,,,,,
https://www.justwatch.com/us/movie/commitment,commitment,movies,1,,,,1,,,,,,,,,,1,,,,
https://www.justwatch.com/us/movie/the-policemans-lineage,the-policemans-lineage,movies,1,,1,,1,,,,,,,,,,1,,,,
https://www.justwatch.com/us/movie/remember-2022-0,remember-2022-0,movies,1,,,,1,,,,,,,,,,1,,,,
https://www.justwatch.com/us/movie/tomb-of-the-river,tomb-of-the-river,movies,1,,1,,1,,,,,,,,,,,,,,
https://www.justwatch.com/us/movie/midnight-runners,midnight-runners,movies,1,1,1,,,,,,,,,,,,,,,,
https://www.justwatch.com/us/movie/derailed-2016,derailed-2016,movies,1,,1,,1,,,,,,,,,,,,,,
https://www.justwatch.com/us/movie/by-quantum-physics-a-nightlife-venture,by-quantum-physics-a-nightlife-venture,movies,1,1,1,,,,,,,,,,,,1,,,,
https://www.justwatch.com/us/movie/the-suspect,the-suspect,movies,1,,,,,,,,,,,,,,1,,,,
https://www.justwatch.com/us/movie/pipeline-2021,pipeline-2021,movies,1,,1,,,,,,,,,,,,,,,,
https://www.justwatch.com/us/movie/mr-zoo-the-missing-vip,mr-zoo-the-missing-vip,movies,1,1,,,,,,1,,,,,,,,,,,
https://www.justwatch.com/us/movie/steel-rain-2-summit,steel-rain-2-summit,movies,1,,,,1,,,,,,,,,,1,,,,
https://www.justwatch.com/us/movie/fist-and-furious,fist-and-furious,movies,1,,1,,,,,,,,,,,,,,,,
https://www.justwatch.com/us/movie/hit-and-run-squad,hit-and-run-squad,movies,1,,1,,,,,,,,,,,,,,,,
https://www.justwatch.com/us/movie/big-match,big-match,movies,1,1,,,,,,,,,,,,,1,,,,
https://www.justwatch.com/us/movie/twenty-hacker,twenty-hacker,movies,1,1,,,,,,,,,,1,,,,,,,
https://www.justwatch.com/us/movie/part-time-spy,part-time-spy,movies,1,1,,,,,,,,,,,,,,,,,
https://www.justwatch.com/us/movie/the-distributors,the-distributors,movies,1,,,,,,,,,,,,,,1,,,,
https://www.justwatch.com/us/movie/bloody-tie,bloody-tie,movies,1,,1,,,,,,,,,,,,1,,,,
https://www.justwatch.com/us/movie/musudan,musudan,movies,1,,,,,,,,,,,,,,1,,,,
https://www.justwatch.com/us/movie/ordinary-person,ordinary-person,movies,1,,1,,1,,,,,,,,,,1,,,,
https://www.justwatch.com/us/movie/for-the-new-emperor,for-the-new-emperor,movies,1,,,,,,,,,,,,,,,,,,
https://www.justwatch.com/us/movie/my-new-partner,my-new-partner,movies,1,1,,,,,,,,,,,,,,,,,
https://www.justwatch.com/us/movie/real-fighter,real-fighter,movies,1,,,,,,,,,,,,,,,,,,
https://www.justwatch.com/us/movie/200-pounds-beauty,200-pounds-beauty,movies,,1,,,1,,,,,,1,1,,,,,,,
https://www.justwatch.com/us/movie/the-presidents-last-bang,the-presidents-last-bang,movies,,1,,,1,,,,,1,,,,,1,,,,
https://www.justwatch.com/us/movie/proof-of-innocence,proof-of-innocence,movies,,1,1,,1,,,,,,,,,,,,,,
https://www.justwatch.com/us/movie/my-bossy-girl,my-bossy-girl,movies,,1,,,,,,,,,,1,,,,,,,
https://www.justwatch.com/us/movie/more-than-family,more-than-family,movies,,1,,,1,,,,,,,,,,,,,,
https://www.justwatch.com/us/movie/casa-amor-exclusive-for-ladies,casa-amor-exclusive-for-ladies,movies,,1,,,,,,,,,,1,,,,,,,
https://www.justwatch.com/us/movie/new-year-blues,new-year-blues,movies,,1,,,1,,,,,,,1,,,,,,,
https://www.justwatch.com/us/movie/what-a-man-wants,what-a-man-wants,movies,,1,,,1,,,,,,,,,,,,,,
https://www.justwatch.com/us/movie/show-me-the-ghost,show-me-the-ghost,movies,,1,,,,,,,1,,,,,,,,,,
https://www.justwatch.com/us/movie/microhabitat,microhabitat,movies,,1,,,1,,,,,,,1,,,,,,,
https://www.justwatch.com/us/movie/my-love-my-bride,my-love-my-bride,movies,,1,,,,,,,,,,1,,,,,,,
https://www.justwatch.com/us/movie/best-friend,best-friend,movies,,1,,,1,,,,,,,,,,,,,,
https://www.justwatch.com/us/movie/my-paparotti,my-paparotti,movies,,1,,,1,,,,,,1,,,,,,,,
https://www.justwatch.com/us/movie/mal-mo-e-the-secret-mission,mal-mo-e-the-secret-mission,movies,,1,,,1,,,,,1,,,,,,,,,
https://www.justwatch.com/us/movie/life-risking-romance,life-risking-romance,movies,,1,,,,,,,,,,1,,,1,,,,
https://www.justwatch.com/us/movie/sunset-in-my-hometown,sunset-in-my-hometown,movies,,1,,,1,,,,,,1,,,,,,,,
https://www.justwatch.com/us/movie/motelier,motelier,movies,,1,,,1,,,,,,,1,,,,,,,
https://www.justwatch.com/us/movie/take-off-2009,take-off-2009,movies,,1,,,1,,,,,,,,,1,,,,,
https://www.justwatch.com/us/movie/maggie-2019,maggie-2019,movies,,1,,,1,,,,,,,,,,,,,,
https://www.justwatch.com/us/movie/what-happened-last-night-2008,what-happened-last-night-2008,movies,,1,,,,,,,,,,,,,,,,,
https://www.justwatch.com/us/movie/go-go-70s,go-go-70s,movies,,1,,,,,,,,,1,,,,,,,,
https://www.justwatch.com/us/movie/the-star-next-door,the-star-next-door,movies,,1,,,1,,,,,,,,,,,,,,
https://www.justwatch.com/us/movie/happy-bus-day,happy-bus-day,movies,,1,,,1,,,,,,,,,,,,,,
https://www.justwatch.com/us/movie/oh-brothers,oh-brothers,movies,,1,,,1,,1,,,,,,,,,,,,
https://www.justwatch.com/us/movie/beasts-clawing-at-straws,beasts-clawing-at-straws,movies,,,1,,1,,,,,,,,,,1,,,,
https://www.justwatch.com/us/movie/search-out,search-out,movies,,,1,,,,,,,,,,,,1,,,,
https://www.justwatch.com/us/movie/how-to-steal-a-dog,how-to-steal-a-dog,movies,,,1,,1,,1,,,,,,,,,,,,
https://www.justwatch.com/us/movie/new-trial,new-trial,movies,,,1,,1,,,,,,,,,,,,,,
https://www.justwatch.com/us/movie/miss-baek,miss-baek,movies,,,1,,1,,,,,,,,,,1,,,,
https://www.justwatch.com/us/movie/deep-trap,deep-trap,movies,,,1,,,,,,,,,,,,1,,,,
https://www.justwatch.com/us/movie/tazza-one-eyed-jack,tazza-one-eyed-jack,movies,,,1,,1,,,,,,,,,,1,,,,
https://www.justwatch.com/us/movie/the-devils-deal-2023,the-devils-deal-2023,movies,,,1,,1,,,,,,,,,,1,,,,
https://www.justwatch.com/us/movie/the-lost-choices,the-lost-choices,movies,,,1,,1,,,,,,,,,,1,,,,
https://www.justwatch.com/us/movie/black-light,black-light,movies,,,1,,1,,,,,,,,,,,,,,
https://www.justwatch.com/us/movie/the-throne,the-throne,movies,,,,1,1,,,,,1,,,,,,,,,
https://www.justwatch.com/us/movie/il-mare,il-mare,movies,,,,1,1,,,1,,,,1,,,,,,,
https://www.justwatch.com/us/movie/ode-to-you-in-seoul,ode-to-you-in-seoul,movies,,,,1,,,,,,,1,,,,,,,,
https://www.justwatch.com/us/movie/the-wailing,the-wailing,movies,,,,,1,,,,1,,,,,,1,,,,
https://www.justwatch.com/us/movie/swing-kids-2018,swing-kids-2018,movies,,,,,1,,,,,,,,,,,1,,,
https://www.justwatch.com/us/movie/the-beauty-inside,the-beauty-inside,movies,,,,,1,,,1,,,,1,,,,,,,
https://www.justwatch.com/us/movie/the-bacchus-lady,the-bacchus-lady,movies,,,,,1,,,,,,,,,,,,,,
https://www.justwatch.com/us/movie/a-tiger-in-winter,a-tiger-in-winter,movies,,,,,1,,,,,,,1,,,,,,,
https://www.justwatch.com/us/movie/our-love-story,our-love-story,movies,,,,,1,,,,,,,1,,,,,,,
https://www.justwatch.com/us/movie/the-attorney,the-attorney,movies,,,,,1,,,,,1,,,,,,,,,
https://www.justwatch.com/us/movie/gyeongju,gyeongju,movies,,,,,1,,,,,,,1,,,,,,,
https://www.justwatch.com/us/movie/cart,cart,movies,,,,,1,,,,,,,,,,,,,,
https://www.justwatch.com/us/movie/a-frozen-flower,a-frozen-flower,movies,,,,,1,,,,,1,,1,,,,,,,
https://www.justwatch.com/us/movie/vanishing-time-a-boy-who-returned,vanishing-time-a-boy-who-returned,movies,,,,,1,,,1,,,,,,,,,,,
https://www.justwatch.com/us/movie/2037,2037,movies,,,,,1,,,,,,,,,,,,,,
https://www.justwatch.com/us/movie/anarchist-from-colony,anarchist-from-colony,movies,,,,,1,,,,,1,,,,,,,,,
https://www.justwatch.com/us/movie/young-adult-matters,young-adult-matters,movies,,,,,1,,,,,,,,,,,,,,
https://www.justwatch.com/us/movie/be-with-you-2018,be-with-you-2018,movies,,,,,1,,,1,,,,1,,,,,,,
https://www.justwatch.com/us/movie/recalled,recalled,movies,,,,,1,,,,,,,,,,1,,,,
https://www.justwatch.com/us/movie/cheese-in-the-trap,cheese-in-the-trap,movies,,,,,1,,,,,,,1,,,1,,,,
https://www.justwatch.com/us/movie/on-your-wedding-day,on-your-wedding-day,movies,,,,,1,,,,,,,,,,,,,,
https://www.justwatch.com/us/movie/little-forest,little-forest,movies,,,,,1,,,,,,,,,,,,,,
https://www.justwatch.com/us/movie/the-girl-on-a-bulldozer,the-girl-on-a-bulldozer,movies,,,,,1,,,,,,,,,,1,,,,
https://www.justwatch.com/us/movie/miracle-letters-to-the-president,miracle-letters-to-the-president,movies,,,,,1,,,,,,,,,,,,,,
https://www.justwatch.com/us/movie/shades-of-the-heart,shades-of-the-heart,movies,,,,,1,,,,,,,,,,,,,,
https://www.justwatch.com/us/movie/youre-so-precious-to-me,youre-so-precious-to-me,movies,,,,,1,,,,,,,,,,,,,,
https://www.justwatch.com/us/movie/the-kings-letters,the-kings-letters,movies,,,,,1,,,,,,,,,,,,,,
https://www.justwatch.com/us/movie/my-brilliant-life,my-brilliant-life,movies,,,,,1,,,,,,,,,,,,,,
https://www.justwatch.com/us/movie/please-dont-save-me,please-dont-save-me,movies,,,,,1,,,,,,,,,,,,,,
https://www.justwatch.com/us/movie/will-you-be-there,will-you-be-there,movies,,,,,1,,,1,,,,1,,,,,,,
https://www.justwatch.com/us/movie/our-body,our-body,movies,,,,,1,,,,,,,,,,,,,,
https://www.justwatch.com/us/movie/goodbye-summer,goodbye-summer,movies,,,,,1,,,,,,,1,,,,,,,
https://www.justwatch.com/us/movie/butterfly-sleep,butterfly-sleep,movies,,,,,1,,,,,,,1,,,,,,,
https://www.justwatch.com/us/movie/feng-shui-2018,feng-shui-2018,movies,,,,,1,,,,,1,,,,,,,,,
https://www.justwatch.com/us/movie/height-of-the-wave,height-of-the-wave,movies,,,,,1,,,,,,,,,,,,,,
https://www.justwatch.com/us/movie/juror-8,juror-8,movies,,,,,1,,,,,,,,,,,,,,
https://www.justwatch.com/us/movie/double-patty,double-patty,movies,,,,,1,,,,,,,1,,,,,,,
https://www.justwatch.com/us/movie/in-our-prime,in-our-prime,movies,,,,,1,,,,,,,,,,,,,,
https://www.justwatch.com/us/movie/kingmaker,kingmaker,movies,,,,,1,,,,,1,,,,,,,,,
https://www.justwatch.com/us/movie/p1h-the-beginning-of-a-new-world,p1h-the-beginning-of-a-new-world,movies,,,,,1,,,,,,,,1,,,,,,
https://www.justwatch.com/us/movie/run-off,run-off,movies,,,,,1,,,,,,,,,1,,,,,
https://www.justwatch.com/us/movie/once-in-a-summer,once-in-a-summer,movies,,,,,1,,,,,,,1,,,,,,,
https://www.justwatch.com/us/movie/man-of-men,man-of-men,movies,,,,,1,,,,,,,,,,,,,,
https://www.justwatch.com/us/movie/herb,herb,movies,,,,,1,,,,,,,,,,,,,,
https://www.justwatch.com/us/movie/a-distant-place-2021,a-distant-place-2021,movies,,,,,1,,,,,,,,,,,,,,
https://www.justwatch.com/us/movie/closer-to-heaven,closer-to-heaven,movies,,,,,1,,,,,,,1,,,,,,,
https://www.justwatch.com/us/movie/maybe-we-broke-up,maybe-we-broke-up,movies,,,,,1,,,,,,,1,,,,,,,
https://www.justwatch.com/us/movie/always-i-am,always-i-am,movies,,,,,1,,,,,,,,,,,,,,
https://www.justwatch.com/us/movie/clean-up,clean-up,movies,,,,,1,,,,,,,,,,,,,,
https://www.justwatch.com/us/movie/a-french-woman,a-french-woman,movies,,,,,1,,,,,,,,,,,,,,
https://www.justwatch.com/us/movie/forbidden-dream-2019,forbidden-dream-2019,movies,,,,,1,,,,,1,,,,,,,,,
https://www.justwatch.com/us/movie/the-mimic,the-mimic,movies,,,,,,,,,1,,,,,,1,,,,
https://www.justwatch.com/us/movie/closed-school,closed-school,movies,,,,,,,,,1,,,,,,1,,,,
https://www.justwatch.com/us/movie/devil-in-the-lake,devil-in-the-lake,movies,,,,,,,,,1,,,,,,1,,,,
https://www.justwatch.com/us/movie/insane-2016,insane-2016,movies,,,,,,,,,,,,,,,1,,,,
https://www.justwatch.com/us/movie/exist-within,exist-within,movies,,,,,,,,,,,,,,,1,,,,
https://www.justwatch.com/us/tv-show/taxi-driver,taxi-driver,tv,1,,1,,1,,,,,,,,,,1,,,,
https://www.justwatch.com/us/tv-show/my-secret-terrius,my-secret-terrius,tv,1,1,,,1,,,,,,,1,,,1,,,,
https://www.justwatch.com/us/tv-show/weak-hero-class-1,weak-hero-class-1,tv,1,,,,1,,,,,,,,,,1,,,,
https://www.justwatch.com/us/tv-show/bridal-mask,bridal-mask,tv,1,,,,1,,,,,1,,1,,,,,,,
https://www.justwatch.com/us/tv-show/judge-vs-judge,judge-vs-judge,tv,1,,,,1,,,,1,,,1,,,,,,,
https://www.justwatch.com/us/tv-show/descendants-of-the-sun,descendants-of-the-sun,tv,1,1,,,1,,,,,,,1,,,,,,,
https://www.justwatch.com/us/tv-show/moorim-school,moorim-school,tv,1,,,,1,,,1,,,,1,,,,,,,
https://www.justwatch.com/us/tv-show/two-weeks,two-weeks,tv,1,,1,,1,,,,,,,,,,1,,,,1
https://www.justwatch.com/us/tv-show/the-fiery-priest,the-fiery-priest,tv,1,1,1,,1,,,,,,,,,,,,,,
https://www.justwatch.com/us/tv-show/detectives-in-trouble,detectives-in-trouble,tv,1,,1,,1,,,,,,,1,,,,,,,
https://www.justwatch.com/us/tv-show/scholar-who-walks-the-night,scholar-who-walks-the-night,tv,1,,,,1,,,1,,1,,1,,,,,,,
https://www.justwatch.com/us/tv-show/the-joseon-gunman,the-joseon-gunman,tv,1,,,,1,,,,,1,,1,,,,,,,
https://www.justwatch.com/us/tv-show/hwarang-the-poet-warrior-youth,hwarang-the-poet-warrior-youth,tv,1,1,,,1,,,,,1,,1,,,,,,,
https://www.justwatch.com/us/tv-show/doctor-stranger,doctor-stranger,tv,1,,1,,1,,,,,,,1,,,,,,,
https://www.justwatch.com/us/tv-show/arang-and-the-magistrate,arang-and-the-magistrate,tv,1,1,,,,,,1,,1,,1,1,,,,,,
https://www.justwatch.com/us/tv-show/healer,healer,tv,1,1,1,,1,,,,,,,1,,,1,,,,
https://www.justwatch.com/us/tv-show/cain-and-abel,cain-and-abel,tv,1,,,,1,,,,,,,1,,,,,,,
https://www.justwatch.com/us/tv-show/gu-family-book,gu-family-book,tv,1,1,,1,1,,,1,,,,1,1,,,,,,
https://www.justwatch.com/us/tv-show/haechi,haechi,tv,1,,,,1,,,,,1,,,,,,,,,
https://www.justwatch.com/us/tv-show/empress-gi,empress-gi,tv,1,,,,1,,,,,,,1,,,,1,,,
https://www.justwatch.com/us/tv-show/you-are-all-surrounded,you-are-all-surrounded,tv,1,1,,,1,,,,,,,1,,,,,,,
https://www.justwatch.com/us/tv-show/the-night-watchman,the-night-watchman,tv,1,,,,1,,,1,,,,,1,,,,,,
https://www.justwatch.com/us/tv-show/mad-dog,mad-dog,tv,1,,1,,1,,,,,,,,,,1,,,,
https://www.justwatch.com/us/tv-show/extra-ordinary-you,extra-ordinary-you,tv,1,1,,,,,,1,,,,1,1,,,,,,
https://www.justwatch.com/us/tv-show/the-king-2-hearts,the-king-2-hearts,tv,1,,,,1,,,,,,,1,,,,,,,
https://www.justwatch.com/us/tv-show/the-tale-of-nokdu,the-tale-of-nokdu,tv,1,1,,,1,,,,,1,,1,,,,,,,
https://www.justwatch.com/us/tv-show/yong-pal,yong-pal,tv,1,,,,1,,,,,,,1,,,,,,,
https://www.justwatch.com/us/tv-show/masked-prosecutor,masked-prosecutor,tv,1,1,,,1,,,,,,,,,,,,,,
https://www.justwatch.com/us/tv-show/chuno,chuno,tv,1,,,,1,,,,,1,,,,,,,,,
https://www.justwatch.com/us/tv-show/the-last-empress,the-last-empress,tv,1,,,,1,,,,,,,,,,1,,,,
https://www.justwatch.com/us/tv-show/when-its-at-night,when-its-at-night,tv,1,1,1,,1,,,,,,,1,,,1,,,,
https://www.justwatch.com/us/tv-show/gyebaek,gyebaek,tv,1,,,,1,,,,,1,,1,,,,,,,
https://www.justwatch.com/us/tv-show/tazza,tazza,tv,1,,,,1,,,,,,,1,,,,,,,
https://www.justwatch.com/us/tv-show/the-ghost-detective,the-ghost-detective,tv,1,,,,,,,1,,,,,,,,,,,
https://www.justwatch.com/us/tv-show/good-casting,good-casting,tv,1,1,,,,,,,,,,,,,,,,,
https://www.justwatch.com/us/tv-show/the-kings-face,the-kings-face,tv,1,,,,1,,,,,1,,1,,,1,,,,
https://www.justwatch.com/us/tv-show/jeon-woo-chi,jeon-woo-chi,tv,1,1,,,,,,1,,,,1,,,,,,,
https://www.justwatch.com/us/tv-show/goryeo-khitan-war,goryeo-khitan-war,tv,1,,,,1,,,,,1,,,,,,1,,,
https://www.justwatch.com/us/tv-show/different-dreams,different-dreams,tv,1,,,,1,,,,,,,,,,,,,,
https://www.justwatch.com/us/tv-show/mrs-cop,mrs-cop,tv,1,,1,,1,,,,,,,,,,1,,,,
https://www.justwatch.com/us/tv-show/the-game-towards-zero,the-game-towards-zero,tv,1,,1,,1,,,1,,,,,1,,1,,,,
https://www.justwatch.com/us/tv-show/rebel-hong-gil-dong,rebel-hong-gil-dong,tv,1,,,,1,,,,,1,,1,,,1,,,,
https://www.justwatch.com/us/tv-show/endless-love-2014,endless-love-2014,tv,1,,,,1,,,,,,,1,,,,,,,
https://www.justwatch.com/us/tv-show/all-in,all-in,tv,1,,,,1,,,,,,,1,,,,,,,
https://www.justwatch.com/us/tv-show/sf8,sf8,tv,1,1,,,1,,,1,1,,,1,1,,1,,,,
https://www.justwatch.com/us/tv-show/princess-man,princess-man,tv,1,,,,1,,,,,,,1,,,,,,,
https://www.justwatch.com/us/tv-show/how-to-buy-a-friend,how-to-buy-a-friend,tv,1,,,,1,,,,,,,,,,,,,,
https://www.justwatch.com/us/tv-show/dunia-into-a-new-world,dunia-into-a-new-world,tv,1,,,,,,,,,,,,,,,,,,1
https://www.justwatch.com/us/tv-show/hong-gil-dong-the-hero,hong-gil-dong-the-hero,tv,1,1,,,1,,,,,,,1,,,,,,,
https://www.justwatch.com/us/tv-show/warrior-baek-dong-soo,warrior-baek-dong-soo,tv,1,,,,1,,,,,,,,,,,,,,
https://www.justwatch.com/us/tv-show/the-duo,the-duo,tv,1,1,,,1,,,,,1,,1,,,,,,,
https://www.justwatch.com/us/tv-show/friend-our-legend,friend-our-legend,tv,1,,1,,1,,,,,1,,1,,,,,,,
https://www.justwatch.com/us/tv-show/time-between-dog-and-wolf,time-between-dog-and-wolf,tv,1,,,,,,,,,,,,,,1,,,,
https://www.justwatch.com/us/tv-show/special-labor-inspector-mr-jo,special-labor-inspector-mr-jo,tv,1,1,,,1,,,,,,,,,,,,,,
https://www.justwatch.com/us/tv-show/the-chaser,the-chaser,tv,1,,1,,1,,,,,,,,,,1,,,,1
https://www.justwatch.com/us/tv-show/east-of-eden-2008,east-of-eden-2008,tv,1,,,,1,,,,,,,1,,,,,,,
https://www.justwatch.com/us/tv-show/giant,giant,tv,1,,,,1,,,,,,,1,,,,,,,
https://www.justwatch.com/us/tv-show/less-than-evil,less-than-evil,tv,1,,1,,1,,,,,,,,,,,,,,
https://www.justwatch.com/us/tv-show/kairos,kairos,tv,1,,,,1,,,1,,,,,1,,1,,,,
https://www.justwatch.com/us/tv-show/wanted-2016-0,wanted-2016-0,tv,1,,1,,1,,,,,,,,,,1,,,,1
https://www.justwatch.com/us/tv-show/3-days,3-days,tv,1,,,,1,,,,,,,,,,1,,,,
https://www.justwatch.com/us/tv-show/the-veil-2021,the-veil-2021,tv,1,,1,,1,,,,,,,,,,1,,,,
https://www.justwatch.com/us/tv-show/damo,damo,tv,1,1,1,,1,,,,,1,,1,,,,,,,
https://www.justwatch.com/us/tv-show/bad-prosecutor,bad-prosecutor,tv,1,1,1,,1,,,,,,,,,,,,,,
https://www.justwatch.com/us/tv-show/tracer,tracer,tv,1,,1,,1,,,,,,,,,,1,,,,
https://www.justwatch.com/us/tv-show/numbers,numbers,tv,1,,,,1,,,,,,,,,,,,,,
https://www.justwatch.com/us/tv-show/air-city,air-city,tv,1,,,,1,,,,,,,1,,,,,,,
https://www.justwatch.com/us/tv-show/phoenix-2020,phoenix-2020,tv,1,,,,1,,,1,,1,,,1,,,,,1,
https://www.justwatch.com/us/tv-show/exit,exit,tv,1,,,,1,,,,,,,,,,,,,,
https://www.justwatch.com/us/tv-show/tiki-tacar,tiki-tacar,tv,,,,,,,,,,,,,,,,,,1,
https://www.justwatch.com/us/tv-show/my-love-from-another-star,my-love-from-another-star,tv,,1,,,1,,,1,,,,1,1,,,,,,
https://www.justwatch.com/us/tv-show/the-law-cafe,the-law-cafe,tv,,1,,,1,,,,,,,1,,,,,,,
https://www.justwatch.com/us/tv-show/pretty-man,pretty-man,tv,,1,,,1,,,,,,,1,,,,,,,
https://www.justwatch.com/us/tv-show/she-was-pretty,she-was-pretty,tv,,1,,,1,,,,,,,1,,,,,,,
https://www.justwatch.com/us/tv-show/coffee-prince-2007,coffee-prince-2007,tv,,1,,,1,,,,,,,1,,,,,,,
https://www.justwatch.com/us/tv-show/fight-for-my-way,fight-for-my-way,tv,,1,,,1,,,,,,,1,,,,,,,
https://www.justwatch.com/us/tv-show/while-you-were-sleeping,while-you-were-sleeping,tv,,1,,,1,,,1,,,,1,1,,1,,,,
https://www.justwatch.com/us/tv-show/i-am-not-a-robot,i-am-not-a-robot,tv,,1,,,1,,,,,,,1,1,,,,,,
https://www.justwatch.com/us/tv-show/secret-garden,secret-garden,tv,,1,,,1,,,1,,,,1,1,,,,,,
https://www.justwatch.com/us/tv-show/radiant-office,radiant-office,tv,,1,,,1,,,,,,,1,,,,,,,
https://www.justwatch.com/us/tv-show/lovely-horribly,lovely-horribly,tv,,1,,,1,,,,1,,,1,,,,,,,
https://www.justwatch.com/us/tv-show/high-school-love-on,high-school-love-on,tv,,1,,,1,,,1,,,,1,1,,,,,,
https://www.justwatch.com/us/tv-show/matrimonial-chaos,matrimonial-chaos,tv,,1,,,,,,,,,,1,,,,,,,
https://www.justwatch.com/us/tv-show/the-inheritors,the-inheritors,tv,,1,,,1,,,,,,,1,,,,,,,
https://www.justwatch.com/us/tv-show/i-do-i-do,i-do-i-do,tv,,1,,,1,,,,,,,,,,,,,,
https://www.justwatch.com/us/tv-show/temperature-of-love,temperature-of-love,tv,,1,,,,,,,,,,1,,,,,,,
https://www.justwatch.com/us/tv-show/beethoven-virus,beethoven-virus,tv,,1,,,1,,,,,,,1,,,,,,,
https://www.justwatch.com/us/tv-show/the-greatest-love,the-greatest-love,tv,,1,,,1,,,,,,,1,,,,,,,
https://www.justwatch.com/us/tv-show/hyde-jekyll-and-i,hyde-jekyll-and-i,tv,,1,,,1,,,,,,,1,,,,,,,
https://www.justwatch.com/us/tv-show/trot-lovers,trot-lovers,tv,,1,,,,,,,,,1,1,,,,,,,
https://www.justwatch.com/us/tv-show/into-the-ring,into-the-ring,tv,,1,,,,,,,,,,,,,,1,,,
https://www.justwatch.com/us/tv-show/cunning-single-lady,cunning-single-lady,tv,,1,,,1,,,,,,,1,,,,,,,
https://www.justwatch.com/us/tv-show/running-man,running-man,tv,,1,,,,,,,,,,,,,,,,,1
https://www.justwatch.com/us/tv-show/the-light-in-your-eyes,the-light-in-your-eyes,tv,,1,,,1,,,1,,,,1,,,,,,,
https://www.justwatch.com/us/tv-show/my-only-one,my-only-one,tv,,1,,,1,,,,,,,1,,,,,,,
https://www.justwatch.com/us/tv-show/the-time-we-were-not-in-love,the-time-we-were-not-in-love,tv,,1,,,1,,,,,,,1,,,,,,,
https://www.justwatch.com/us/tv-show/angels-last-mission-love,angels-last-mission-love,tv,,1,,,1,,,1,,,,1,,,,,,,
https://www.justwatch.com/us/tv-show/my-girlfriend-is-a-nine-tailed-fox,my-girlfriend-is-a-nine-tailed-fox,tv,,1,,,1,,,1,,,,1,,,,,,,
https://www.justwatch.com/us/tv-show/weightlifting-fairy-kim-bok-joo,weightlifting-fairy-kim-bok-joo,tv,,1,,,1,,,,,,,1,,,,,,,
https://www.justwatch.com/us/tv-show/warm-and-cozy,warm-and-cozy,tv,,1,,,1,,,,,,,1,,,,,,,
https://www.justwatch.com/us/tv-show/hello-miss,hello-miss,tv,,1,,,1,,,,,,,1,,,,,,,
https://www.justwatch.com/us/tv-show/the-masters-sun,the-masters-sun,tv,,1,,,1,,,1,1,,,1,1,,,,,,
https://www.justwatch.com/us/tv-show/pinocchio,pinocchio,tv,,1,,,1,,1,1,,,,1,,,1,,,,
https://www.justwatch.com/us/tv-show/my-fellow-citizens,my-fellow-citizens,tv,,1,1,,,,,,,,,1,,,,,,,
https://www.justwatch.com/us/tv-show/shining-inheritance,shining-inheritance,tv,,1,,,1,,,,,,,1,,,,,,,
https://www.justwatch.com/us/tv-show/modern-farmer,modern-farmer,tv,,1,,,1,,,,,,,1,,,,,,,
https://www.justwatch.com/us/tv-show/what-happens-to-my-family,what-happens-to-my-family,tv,,1,,,1,,,,,,,1,,,,,,,
https://www.justwatch.com/us/tv-show/kill-me-heal-me,kill-me-heal-me,tv,,1,,,1,,,,,,,1,,,1,,,,
https://www.justwatch.com/us/tv-show/its-okay-thats-love,its-okay-thats-love,tv,,1,,,1,,,,,,,1,,,,,,,
https://www.justwatch.com/us/tv-show/discovery-of-romance,discovery-of-romance,tv,,1,,,,,,,,,,1,,,,,,,
https://www.justwatch.com/us/tv-show/men-are-men,men-are-men,tv,,1,,,1,,,1,,,,1,,,,,,,
https://www.justwatch.com/us/tv-show/one-more-happy-ending,one-more-happy-ending,tv,,1,,,1,,,,,,,1,,,,,,,
https://www.justwatch.com/us/tv-show/dream-high,dream-high,tv,,1,,,1,,,,,,1,1,,,,,,,
https://www.justwatch.com/us/tv-show/the-secret-life-of-my-secretary,the-secret-life-of-my-secretary,tv,,1,,,,,,,,,,1,,,,,,,
https://www.justwatch.com/us/tv-show/pasta,pasta,tv,,1,,,1,,,,,,,1,,,,,,,
https://www.justwatch.com/us/tv-show/big,big,tv,,1,,,1,,,1,,,,1,1,,,,,,
https://www.justwatch.com/us/tv-show/cheer-up,cheer-up,tv,,1,,,1,,,,,,,,,,1,,,,
https://www.justwatch.com/us/tv-show/smile-dong-hae,smile-dong-hae,tv,,1,,,1,,1,,,,,1,,,,,,,
https://www.justwatch.com/us/tv-show/lie-to-me-2011,lie-to-me-2011,tv,,1,,,1,,,,,,,1,,,,,,,
https://www.justwatch.com/us/tv-show/take-care-of-the-young-lady,take-care-of-the-young-lady,tv,,1,,,1,,,,,,,1,,,,,,,
https://www.justwatch.com/us/tv-show/the-best-hit,the-best-hit,tv,,1,,,1,,,1,,,,,,,,,,,
https://www.justwatch.com/us/tv-show/sassy-go-go,sassy-go-go,tv,,1,,,1,,,,,,,1,,,,,,,
https://www.justwatch.com/us/tv-show/protect-the-boss,protect-the-boss,tv,,1,,,1,,,,,,,1,,,,,,,
https://www.justwatch.com/us/tv-show/kkondae-intern,kkondae-intern,tv,,1,,,1,,,,,,,,,,,,,,
https://www.justwatch.com/us/tv-show/i-hear-your-voice,i-hear-your-voice,tv,,1,,,1,,,1,,,,1,1,,1,,,,
https://www.justwatch.com/us/tv-show/divorce-lawyer-in-love,divorce-lawyer-in-love,tv,,1,,,1,,,,,,,1,,,,,,,
https://www.justwatch.com/us/tv-show/attic-prince,attic-prince,tv,,1,,,1,,,1,,,,1,1,,,,,,
https://www.justwatch.com/us/tv-show/my-father-is-strange,my-father-is-strange,tv,,1,,,1,,1,,,,,1,,,,,,,
https://www.justwatch.com/us/tv-show/my-lovely-sam-soon,my-lovely-sam-soon,tv,,1,,,1,,,,,,,1,,,,,,,
https://www.justwatch.com/us/tv-show/dear-fair-lady-kong-shim,dear-fair-lady-kong-shim,tv,,1,1,,1,,,,,,,1,,,,,,,
https://www.justwatch.com/us/tv-show/my-sassy-girl,my-sassy-girl,tv,,1,,,,,,,,,,1,,,,,,,
https://www.justwatch.com/us/tv-show/jealousy-incarnate,jealousy-incarnate,tv,,1,,,1,,,,,,,1,,,,,,,
https://www.justwatch.com/us/tv-show/the-producers,the-producers,tv,,1,,,1,,,,,,1,1,,,,,,,
https://www.justwatch.com/us/tv-show/goddess-of-marriage,goddess-of-marriage,tv,,1,,,1,,,,,,,1,,,,,,,
https://www.justwatch.com/us/tv-show/chief-kim,chief-kim,tv,,1,,,1,,,,,,,,,,,,,,
https://www.justwatch.com/us/tv-show/sensory-couple,sensory-couple,tv,,1,1,,1,,,1,,,,1,1,,,,,,
https://www.justwatch.com/us/tv-show/youre-beautiful,youre-beautiful,tv,,1,,,1,,,,,,1,1,,,,,,,
https://www.justwatch.com/us/tv-show/history-of-the-salaryman,history-of-the-salaryman,tv,,1,,,1,,,,,,,,,,,,,,
https://www.justwatch.com/us/tv-show/one-the-woman,one-the-woman,tv,,1,,,1,,,,,,,1,,,,,,,
https://www.justwatch.com/us/tv-show/birth-of-a-beauty,birth-of-a-beauty,tv,,1,,,,,,,,,,1,,,,,,,
https://www.justwatch.com/us/tv-show/wok-of-love,wok-of-love,tv,,1,,,1,,,,,,,1,,,,,,,
https://www.justwatch.com/us/tv-show/fated-to-love-you-2014,fated-to-love-you-2014,tv,,1,,,1,,,,,,,1,,,,,,,
https://www.justwatch.com/us/tv-show/angry-mom,angry-mom,tv,,1,,,1,,1,,,,,,,,,,,,
https://www.justwatch.com/us/tv-show/a-gentlemans-dignity,a-gentlemans-dignity,tv,,1,,,1,,,,,,,1,,,,,,,
https://www.justwatch.com/us/tv-show/dal-ri-and-gamjatang,dal-ri-and-gamjatang,tv,,1,,,1,,,,,,,1,,,,,,,
https://www.justwatch.com/us/tv-show/suspicious-partner,suspicious-partner,tv,,1,1,,1,,,,,,,1,,,1,,,,
https://www.justwatch.com/us/tv-show/oh-my-venus,oh-my-venus,tv,,1,,,1,,,,,,,1,,,,,,,
https://www.justwatch.com/us/tv-show/scandal-in-old-seoul,scandal-in-old-seoul,tv,,1,,,1,,,,,,,1,,,,,,,
https://www.justwatch.com/us/tv-show/full-house-2004,full-house-2004,tv,,1,,,1,,,,,,,1,,,,,,,
https://www.justwatch.com/us/tv-show/zombie-detective,zombie-detective,tv,,1,,,1,,,1,,,,,1,,1,,,,
https://www.justwatch.com/us/tv-show/police-university,police-university,tv,,1,1,,1,,,,,,,1,,,,,,,
https://www.justwatch.com/us/tv-show/the-secret-of-birth,the-secret-of-birth,tv,,1,,,1,,,,,,,1,,,,,,,
https://www.justwatch.com/us/tv-show/sell-your-haunted-house,sell-your-haunted-house,tv,,1,,,1,,,1,1,,,,,,1,,,,
https://www.justwatch.com/us/tv-show/my-golden-life,my-golden-life,tv,,1,,,1,,,,,,,1,,,,,,,
https://www.justwatch.com/us/tv-show/master-of-study,master-of-study,tv,,1,,,,,,,,,,1,,,,,,,
https://www.justwatch.com/us/tv-show/moonlight-drawn-by-clouds,moonlight-drawn-by-clouds,tv,,1,,,1,,,,,1,,1,,,,1,,,
https://www.justwatch.com/us/tv-show/all-about-my-romance,all-about-my-romance,tv,,1,,,1,,,,,,,1,,,,,,,
https://www.justwatch.com/us/tv-show/miss-korea,miss-korea,tv,,1,,,1,,,,,,,1,,,,,,,
https://www.justwatch.com/us/tv-show/mr-baek,mr-baek,tv,,1,,,1,,,1,,,,1,1,,,,,,
https://www.justwatch.com/us/tv-show/feast-of-the-gods,feast-of-the-gods,tv,,1,,,1,,,,,,,1,,,,,,,
https://www.justwatch.com/us/tv-show/to-the-beautiful-you,to-the-beautiful-you,tv,,1,,,1,,,,,,,1,,,,,,,
https://www.justwatch.com/us/tv-show/second-to-last-love,second-to-last-love,tv,,1,,,1,,,,,,,1,,,,,,,
https://www.justwatch.com/us/tv-show/shopaholic-louis,shopaholic-louis,tv,,1,,,1,,,,,,,1,,,,,,,
https://www.justwatch.com/us/tv-show/cheongdam-dong-alice,cheongdam-dong-alice,tv,,1,,,1,,,,,,,1,,,,,,,
https://www.justwatch.com/us/tv-show/incarnation-of-money,incarnation-of-money,tv,,1,,,1,,,,,,,1,,,,,,,
https://www.justwatch.com/us/tv-show/my-sweet-city,my-sweet-city,tv,,1,,,1,,,,,,,1,,,,,,,
https://www.justwatch.com/us/tv-show/scent-of-a-woman,scent-of-a-woman,tv,,1,,,1,,,,,,,1,,,,,,,
https://www.justwatch.com/us/tv-show/i-am-sam,i-am-sam,tv,,1,,,1,,,,,,,,,,,,,,
https://www.justwatch.com/us/tv-show/sweet-savage-family,sweet-savage-family,tv,,1,,,1,,1,,,,,,,,,,,,
https://www.justwatch.com/us/tv-show/heard-it-through-the-grapevine,heard-it-through-the-grapevine,tv,,1,,,1,,,,,,,1,,,,,,,
https://www.justwatch.com/us/tv-show/unpredictable-family,unpredictable-family,tv,,1,,,1,,1,,,,,1,,,,,,,
https://www.justwatch.com/us/tv-show/the-devil,the-devil,tv,,1,,,1,,,,1,,,1,,,1,,,,
https://www.justwatch.com/us/tv-show/home-alone-2013,home-alone-2013,tv,,1,,,,,,,,,,,,,,,,,1
https://www.justwatch.com/us/tv-show/glory-jane,glory-jane,tv,,1,,,1,,,,,,,1,,,,,,,
https://www.justwatch.com/us/tv-show/our-gap-soon,our-gap-soon,tv,,1,,,1,,,,,,,1,,,,,,,
https://www.justwatch.com/us/tv-show/master-in-the-house,master-in-the-house,tv,,1,,,,,,,,,,,,,,,,,1
https://www.justwatch.com/us/tv-show/the-undateables,the-undateables,tv,,1,,,1,,,,,,,1,,,,,,,
https://www.justwatch.com/us/tv-show/infinite-challenge,infinite-challenge,tv,,1,,,,,,,,,,,,,,,,,1
https://www.justwatch.com/us/tv-show/my-wonderful-life,my-wonderful-life,tv,,1,,,1,,,,,,,1,,,,,,,
https://www.justwatch.com/us/tv-show/never-twice,never-twice,tv,,1,,,1,,,,,,,1,,,,,,,
https://www.justwatch.com/us/tv-show/how-do-you-play,how-do-you-play,tv,,1,,,,,,,,,,,,,,,,,1
https://www.justwatch.com/us/tv-show/parangsaeyi-jib,parangsaeyi-jib,tv,,1,,,1,,,,,,,1,,,,,,,
https://www.justwatch.com/us/tv-show/spring-turns-to-spring,spring-turns-to-spring,tv,,1,,,1,,,1,,,,,,,,,,,
https://www.justwatch.com/us/tv-show/no-matter-what,no-matter-what,tv,,1,,,1,,,,,,,1,,,,,,,
https://www.justwatch.com/us/tv-show/the-manager,the-manager,tv,,1,,,,,1,,,,,,,,,,,,1
https://www.justwatch.com/us/tv-show/red-velvet-level-up-project,red-velvet-level-up-project,tv,,1,,,,,,,,,,,,,,,,,1
https://www.justwatch.com/us/tv-show/the-gentlemen-of-wolgyesu-tailor-shop,the-gentlemen-of-wolgyesu-tailor-shop,tv,,1,,,1,,,,,,,,,,,,,,
https://www.justwatch.com/us/tv-show/bravo-my-life,bravo-my-life,tv,,1,,,1,,1,,,,,,,,,,,,
https://www.justwatch.com/us/tv-show/love-is-beautiful-life-is-wonderful,love-is-beautiful-life-is-wonderful,tv,,1,,,1,,,,,,,1,,,,,,,
https://www.justwatch.com/us/tv-show/man-who-sets-the-table,man-who-sets-the-table,tv,,1,,,1,,,,,,,1,,,,,,,
https://www.justwatch.com/us/tv-show/queen-of-reversals,queen-of-reversals,tv,,1,,,1,,,,,,,1,,,,,,,
https://www.justwatch.com/us/tv-show/my-girl,my-girl,tv,,1,,,1,,,,,,,1,,,,,,,
https://www.justwatch.com/us/tv-show/risky-romance,risky-romance,tv,,1,,,1,,,,,,,1,,,,,,,
https://www.justwatch.com/us/tv-show/youre-the-best-lee-soon-shin,youre-the-best-lee-soon-shin,tv,,1,,,1,,,,,,,1,,,,,,,
https://www.justwatch.com/us/tv-show/queen-of-mystery,queen-of-mystery,tv,,1,1,,,,,,,,,,,,1,,,,
https://www.justwatch.com/us/tv-show/young-lady-and-gentleman,young-lady-and-gentleman,tv,,1,,,1,,1,,,,,1,,,,,,,
https://www.justwatch.com/us/tv-show/cinderella-and-four-knights,cinderella-and-four-knights,tv,,1,,,1,,,,,,,1,,,,,,,
https://www.justwatch.com/us/tv-show/triple,triple,tv,,1,,,1,,,,,,,,,,,,,,
https://www.justwatch.com/us/tv-show/red-balloon,red-balloon,tv,,1,,,1,,1,,,,,,,,,,,,
https://www.justwatch.com/us/tv-show/switch-2018,switch-2018,tv,,1,,,1,,,,,,,,,,,,,,
https://www.justwatch.com/us/tv-show/can-you-hear-my-heart,can-you-hear-my-heart,tv,,1,,,1,,,,,,,1,,,,,,,
https://www.justwatch.com/us/tv-show/haeundae-lovers,haeundae-lovers,tv,,1,,,1,,,,,,,1,,,,,,,
https://www.justwatch.com/us/tv-show/a-teen,a-teen,tv,,1,,,1,,,,,,,1,,,,,,,
https://www.justwatch.com/us/tv-show/secret-agent-miss-oh,secret-agent-miss-oh,tv,,1,,,1,,,,,,,1,,,,,,,
https://www.justwatch.com/us/tv-show/my-wife-is-a-super-woman,my-wife-is-a-super-woman,tv,,1,,,1,,,,,,,,,,,,,,
https://www.justwatch.com/us/tv-show/the-man-living-in-our-house,the-man-living-in-our-house,tv,,1,,,1,,,,,,,1,,,,,,,
https://www.justwatch.com/us/tv-show/personal-taste,personal-taste,tv,,1,,,1,,,,,,,1,,,,,,,
https://www.justwatch.com/us/tv-show/five-fingers,five-fingers,tv,,1,,,1,,,,,,,1,,,,,,,
https://www.justwatch.com/us/tv-show/meeting-you,meeting-you,tv,,1,,,1,,,,,,,1,,,,,,,
https://www.justwatch.com/us/tv-show/my-daughter-seo-young,my-daughter-seo-young,tv,,1,,,1,,1,,,,,1,,,,,,,
https://www.justwatch.com/us/tv-show/delayed-justice,delayed-justice,tv,,1,,,1,,,,,,,,,,,,,,
https://www.justwatch.com/us/tv-show/best-mistake-2019,best-mistake-2019,tv,,1,,,1,,,,,,,1,,,,,,,
https://www.justwatch.com/us/tv-show/brain-works,brain-works,tv,,1,,,1,,,,,,,,,,1,,,,
https://www.justwatch.com/us/tv-show/mai-peurinseseu,mai-peurinseseu,tv,,1,,,1,,,,,,,1,,,,,,,
https://www.justwatch.com/us/tv-show/on-the-verge-of-insanity,on-the-verge-of-insanity,tv,,1,,,1,,,,,,,,,,,,,,
https://www.justwatch.com/us/tv-show/delightful-girl-choon-hyang,delightful-girl-choon-hyang,tv,,1,,,1,,,,,,,1,,,,,,,
https://www.justwatch.com/us/tv-show/the-prime-minister-and-i,the-prime-minister-and-i,tv,,1,,,1,,,,,,,1,,,,,,,
https://www.justwatch.com/us/tv-show/five-enough,five-enough,tv,,1,,,1,,1,,,,,1,,,,,,,
https://www.justwatch.com/us/tv-show/mary-stayed-out-all-night,mary-stayed-out-all-night,tv,,1,,,1,,,,,,1,1,,,,,,,
https://www.justwatch.com/us/tv-show/my-strange-hero,my-strange-hero,tv,,1,,,1,,,,,,,,,,1,,,,
https://www.justwatch.com/us/tv-show/becoming-a-billionaire,becoming-a-billionaire,tv,,1,,,1,,,,,,,1,,,,,,,
https://www.justwatch.com/us/tv-show/brilliant-heritage,brilliant-heritage,tv,,1,,,1,,,,,,,1,,,,,,,
https://www.justwatch.com/us/tv-show/thank-you,thank-you,tv,,1,,,1,,,,,,,,,,,,,,
https://www.justwatch.com/us/tv-show/beat-coin,beat-coin,tv,,1,,,,,,,,,,,,,,,,,1
https://www.justwatch.com/us/tv-show/entertainer,entertainer,tv,,1,,,1,,,,,,,1,,,,,,,
https://www.justwatch.com/us/tv-show/the-forbidden-marriage,the-forbidden-marriage,tv,,1,,,1,,,,,1,,1,,,1,,,,
https://www.justwatch.com/us/tv-show/love-with-flaws,love-with-flaws,tv,,1,,,,,,,,,,1,,,,,,,
https://www.justwatch.com/us/tv-show/be-my-dream-family,be-my-dream-family,tv,,1,,,1,,1,,,,,,,,,,,,
https://www.justwatch.com/us/tv-show/cheat-on-me-if-you-can,cheat-on-me-if-you-can,tv,,1,,,,,,,,,,,,,,,,,
https://www.justwatch.com/us/tv-show/exos-travel-the-world-on-a-ladder,exos-travel-the-world-on-a-ladder,tv,,1,,,,,,,,,,,,,,,,,
https://www.justwatch.com/us/tv-show/jugglers,jugglers,tv,,1,,,,,,,,,,1,,,,,,,
https://www.justwatch.com/us/tv-show/manhole,manhole,tv,,1,,,1,,,1,,,,,1,,,,,,
https://www.justwatch.com/us/tv-show/wild-romance,wild-romance,tv,,1,,,,,,,,,,1,,1,,,,,
https://www.justwatch.com/us/tv-show/missing-nine,missing-nine,tv,,1,,,1,,,,,,,,,,1,,,,
https://www.justwatch.com/us/tv-show/heading-to-the-ground,heading-to-the-ground,tv,,1,,,1,,,,,,,,,,,,,,
https://www.justwatch.com/us/tv-show/hanbeon-danyeowassseubnida,hanbeon-danyeowassseubnida,tv,,1,,,1,,,,,,,1,,,,,,,
https://www.justwatch.com/us/tv-show/20th-century-boy-and-girl,20th-century-boy-and-girl,tv,,1,,,,,,,,,,1,,,,,,,
https://www.justwatch.com/us/tv-show/doctors,doctors,tv,,1,,,1,,,,,,,1,,,,,,,
https://www.justwatch.com/us/tv-show/alone-in-love,alone-in-love,tv,,1,,,1,,,,,,,1,,,,,,,
https://www.justwatch.com/us/tv-show/golden-time,golden-time,tv,,1,,,1,,,,,,,,,,,,,,
https://www.justwatch.com/us/tv-show/the-queen-of-office,the-queen-of-office,tv,,1,,,1,,,,,,,1,,,,,,,
https://www.justwatch.com/us/tv-show/geumiya-ogiya,geumiya-ogiya,tv,,1,,,1,,,,,,,,,,,,,,
https://www.justwatch.com/us/tv-show/the-queens-classroom,the-queens-classroom,tv,,1,,,1,,,,,,,,,,,,,,
https://www.justwatch.com/us/tv-show/one-day-off,one-day-off,tv,,1,,,1,,,,,,,,,,,,,,
https://www.justwatch.com/us/tv-show/love-marriage,love-marriage,tv,,1,,,1,,,,,,,1,,,,,,,
https://www.justwatch.com/us/tv-show/be-melodramatic,be-melodramatic,tv,,1,,,1,,,,,,,1,,,,,,,
https://www.justwatch.com/us/tv-show/revolutionary-sisters,revolutionary-sisters,tv,,1,,,1,,1,,,,,1,,,1,,,,
https://www.justwatch.com/us/tv-show/home-sweet-home,home-sweet-home,tv,,1,,,1,,,,,,,1,,,1,,,,
https://www.justwatch.com/us/tv-show/perfume-2019,perfume-2019,tv,,1,,,,,,,,,,,,,,,,,
https://www.justwatch.com/us/tv-show/get-karl-oh-soo-jung,get-karl-oh-soo-jung,tv,,1,,,1,,,,,,,1,,,,,,,
https://www.justwatch.com/us/tv-show/the-king-of-dramas,the-king-of-dramas,tv,,1,,,1,,,,,,,1,,,,,,,
https://www.justwatch.com/us/tv-show/master-key,master-key,tv,,1,,,,,1,,,,,,,,1,,,,1
https://www.justwatch.com/us/tv-show/welcome-2-life,welcome-2-life,tv,,1,,,1,,1,1,,,,1,,,,,,,
https://www.justwatch.com/us/tv-show/marry-him-if-you-dare,marry-him-if-you-dare,tv,,1,,,1,,,1,,,,1,1,,,,,,
https://www.justwatch.com/us/tv-show/feel-good-to-die,feel-good-to-die,tv,,1,,,,,,1,,,,1,,,,,,,
https://www.justwatch.com/us/tv-show/its-beautiful-now,its-beautiful-now,tv,,1,,,1,,1,,,,,1,,,,,,,
https://www.justwatch.com/us/tv-show/i-wanna-hear-your-song,i-wanna-hear-your-song,tv,,1,1,,1,,,,,,1,1,,,,,,,
https://www.justwatch.com/us/tv-show/please-send-a-fan-letter,please-send-a-fan-letter,tv,,1,,,1,,,,,,,1,,,,,,,
https://www.justwatch.com/us/tv-show/jinx,jinx,tv,,1,,,1,,,,,,,,,,,,,,
https://www.justwatch.com/us/tv-show/bravo-my-life-2022,bravo-my-life-2022,tv,,1,,,1,,1,,,,,,,,,,,,
https://www.justwatch.com/us/tv-show/splash-splash-love,splash-splash-love,tv,,1,,,,,,1,,1,,1,,,,,,,
https://www.justwatch.com/us/tv-show/three-siblings-bravely,three-siblings-bravely,tv,,1,,,1,,1,,,,,1,,,,,,,
https://www.justwatch.com/us/tv-show/old-miss-diary,old-miss-diary,tv,,1,,,1,,,,,,,1,,,,,,,
https://www.justwatch.com/us/tv-show/your-house-helper,your-house-helper,tv,,1,,,1,,,,,,,,,,,,,,
https://www.justwatch.com/us/tv-show/jang-geum-oh-my-grandma,jang-geum-oh-my-grandma,tv,,1,,,1,,,,,,,1,,,,,,,
https://www.justwatch.com/us/tv-show/ad-genius-lee-tae-baek,ad-genius-lee-tae-baek,tv,,1,,,1,,,,,,,1,,,,,,,
https://www.justwatch.com/us/tv-show/please-come-back-mister,please-come-back-mister,tv,,1,,,1,,,1,,,,1,1,,,,,,
https://www.justwatch.com/us/tv-show/my-husband-got-a-family,my-husband-got-a-family,tv,,1,,,1,,,,,,,1,,,,,,,
https://www.justwatch.com/us/tv-show/homemade-love-story,homemade-love-story,tv,,1,,,1,,1,,,,,1,,,,,,,
https://www.justwatch.com/us/tv-show/daljas-spring,daljas-spring,tv,,1,,,1,,,,,,,1,,,,,,,
https://www.justwatch.com/us/tv-show/sang-doo-lets-go-to-school,sang-doo-lets-go-to-school,tv,,1,,,1,,,,,,,1,,,,,,,
https://www.justwatch.com/us/tv-show/the-accidental-couple,the-accidental-couple,tv,,1,,,1,,,,,,,1,,,,,,,
https://www.justwatch.com/us/tv-show/the-virtual-bride,the-virtual-bride,tv,,1,,,1,,1,,,,,,,,,,,,
https://www.justwatch.com/us/tv-show/prince-hours,prince-hours,tv,,1,,,1,,,,,,,1,,,,,,,
https://www.justwatch.com/us/tv-show/couple-or-trouble,couple-or-trouble,tv,,1,,,1,,,,,,,1,,,,,,,
https://www.justwatch.com/us/tv-show/oh-the-mysterious,oh-the-mysterious,tv,,1,,,1,,,,,,,,,,,,,,
https://www.justwatch.com/us/tv-show/borg-mom,borg-mom,tv,,1,,,1,,,,,,,,1,,,,,,
https://www.justwatch.com/us/tv-show/romance,romance,tv,,1,,,1,,,,,,,1,,,,,,,
https://www.justwatch.com/us/tv-show/one-fine-week,one-fine-week,tv,,1,,,1,,,,,,,,,,,,,,
https://www.justwatch.com/us/tv-show/love-and-law,love-and-law,tv,,1,,,1,,,,,,,,,,,,,,
https://www.justwatch.com/us/tv-show/touch-2020,touch-2020,tv,,1,,,,,,,,,,1,,,,,,,
https://www.justwatch.com/us/tv-show/you-drive-me-crazy,you-drive-me-crazy,tv,,1,,,1,,,,,,,1,,,,,,,
https://www.justwatch.com/us/tv-show/please-dont-meet-that-man,please-dont-meet-that-man,tv,,1,,,1,,,,,,,1,1,,,,,,
https://www.justwatch.com/us/tv-show/spy-myung-wol,spy-myung-wol,tv,,1,,,,,,,,,,1,,,,,,,
https://www.justwatch.com/us/tv-show/no-thank-you,no-thank-you,tv,,1,,,1,,,,,,,,,,,,,,
https://www.justwatch.com/us/tv-show/holiday-staff-ikons-the-dreamping,holiday-staff-ikons-the-dreamping,tv,,1,,,1,,,,,,,,,,,,,,1
https://www.justwatch.com/us/tv-show/baby-faced-beauty,baby-faced-beauty,tv,,1,,,,,,,,,,1,,,,,,,
https://www.justwatch.com/us/tv-show/bad-couple,bad-couple,tv,,1,,,1,,,,,,,,,,,,,,
https://www.justwatch.com/us/tv-show/the-mary-daegu-bout,the-mary-daegu-bout,tv,,1,,,,,,,,,,1,,,,,,,
https://www.justwatch.com/us/tv-show/momoland-saipan-land,momoland-saipan-land,tv,,1,,,,,,,,,,,,,,,,,
https://www.justwatch.com/us/tv-show/still-marry-me,still-marry-me,tv,,1,,,1,,,,,,,1,,,,,,,
https://www.justwatch.com/us/tv-show/yeonaemisu,yeonaemisu,tv,,1,,,1,,,,,,,1,,,,,,,
https://www.justwatch.com/us/tv-show/city-hall,city-hall,tv,,1,,,1,,,,,,,1,,,,,,,
https://www.justwatch.com/us/tv-show/where-on-earth,where-on-earth,tv,,1,,,,,,,,,,,,,,,,,
https://www.justwatch.com/us/tv-show/i-am-ground,i-am-ground,tv,,1,,,,,,,,,,,,,,,,,1
https://www.justwatch.com/us/tv-show/becoming-witch,becoming-witch,tv,,1,,,1,,,,,,,,,,1,,,,
https://www.justwatch.com/us/tv-show/loud,loud,tv,,1,,,,,,,,,,,,,,,,,
https://www.justwatch.com/us/tv-show/me-too-flower,me-too-flower,tv,,1,,,1,,,,,,,1,,,,,,,
https://www.justwatch.com/us/tv-show/baek-hee-has-returned,baek-hee-has-returned,tv,,1,,,1,,,,,,,,,,,,,,
https://www.justwatch.com/us/tv-show/style,style,tv,,1,,1,1,,,,,,1,1,,,,,,,1
https://www.justwatch.com/us/tv-show/issue-makers,issue-makers,tv,,1,,,1,,,,,,,,,,,,,,
https://www.justwatch.com/us/tv-show/romance-town,romance-town,tv,,1,,,1,,,,,,,1,,,,,,,
https://www.justwatch.com/us/tv-show/desperate-mr-x,desperate-mr-x,tv,,1,,,1,,,,,,,,,,,,,,
https://www.justwatch.com/us/tv-show/take-care-of-us-captain,take-care-of-us-captain,tv,,1,,,1,,,,,,,1,,,,,,,1
https://www.justwatch.com/us/tv-show/legend-of-hyang-dan,legend-of-hyang-dan,tv,,1,,,,,,,,,,1,,,,,,,
https://www.justwatch.com/us/tv-show/chip-in,chip-in,tv,,1,1,,1,,,,,,,,,,1,,,,
https://www.justwatch.com/us/tv-show/to-jenny,to-jenny,tv,,1,,,,,,,,,,1,,,,,,,
https://www.justwatch.com/us/tv-show/mon-chouchou-global-house,mon-chouchou-global-house,tv,,1,,,1,,,,,,,,,,,,,,
https://www.justwatch.com/us/tv-show/welcome-2020,welcome-2020,tv,,1,,,,,,1,,,,1,,,,,,,
https://www.justwatch.com/us/tv-show/showterview-with-jessi,showterview-with-jessi,tv,,1,,,,,,,,,,,,,,,,,
https://www.justwatch.com/us/tv-show/political-fever,political-fever,tv,,1,,,,,,,,,,,,,,,,,
https://www.justwatch.com/us/tv-show/the-soldiers,the-soldiers,tv,,1,,,,,,,,,,,,,,,,,
https://www.justwatch.com/us/tv-show/penthouse,penthouse,tv,,,1,,1,,,,,,,,,,1,,,,
https://www.justwatch.com/us/tv-show/pride-and-prejudice-2014,pride-and-prejudice-2014,tv,,,1,,1,,,,,,,1,,,,,,,
https://www.justwatch.com/us/tv-show/whisper,whisper,tv,,,1,,1,,,,,,,,,,,,,,
https://www.justwatch.com/us/tv-show/liver-or-die,liver-or-die,tv,,,1,,1,,,,,,,,,,,,,,
https://www.justwatch.com/us/tv-show/those-who-read-the-hearts-of-evil,those-who-read-the-hearts-of-evil,tv,,,1,,1,,,,,,,,,,1,,,,
https://www.justwatch.com/us/tv-show/witchs-court,witchs-court,tv,,,1,,1,,,,,,,,,,,,,,
https://www.justwatch.com/us/tv-show/defendant,defendant,tv,,,1,,1,,,,,,,,,,1,,,,
https://www.justwatch.com/us/tv-show/doctor-prisoner,doctor-prisoner,tv,,,1,,1,,,,,,,,,,1,,,,
https://www.justwatch.com/us/tv-show/come-and-hug-me,come-and-hug-me,tv,,,1,,1,,,,,,,1,,,1,,,,
https://www.justwatch.com/us/tv-show/ghost-2012,ghost-2012,tv,,,1,,1,,,,1,1,,,,,1,,,,
https://www.justwatch.com/us/tv-show/partners-for-justice,partners-for-justice,tv,,,1,,1,,,,,,,,,,1,,,,
https://www.justwatch.com/us/tv-show/ggeutggaji-ganda,ggeutggaji-ganda,tv,,,1,,1,,,,,,,,,,,,,,
https://www.justwatch.com/us/tv-show/justice-2019,justice-2019,tv,,,1,,1,,,,,,,,,,1,,,,
https://www.justwatch.com/us/tv-show/the-good-thieves,the-good-thieves,tv,,,1,,1,,,,,,,,,,,,,,
https://www.justwatch.com/us/tv-show/sign,sign,tv,,,1,,1,,,,,,,,,,1,,,,
https://www.justwatch.com/us/tv-show/365-repeat-the-year,365-repeat-the-year,tv,,,1,,1,,,1,,,,,,,1,,,,
https://www.justwatch.com/us/tv-show/nothing-uncovered,nothing-uncovered,tv,,,1,,,,,,,,,,,,1,,,,
https://www.justwatch.com/us/tv-show/children-of-nobody,children-of-nobody,tv,,,1,,1,,,,,,,,,,1,,,,
https://www.justwatch.com/us/tv-show/nobody-knows,nobody-knows,tv,,,1,,1,,,,,,,,,,1,,,,
https://www.justwatch.com/us/tv-show/a-man-in-a-veil,a-man-in-a-veil,tv,,,1,,1,,1,,,,,1,,,,,,,
https://www.justwatch.com/us/tv-show/the-witchs-game,the-witchs-game,tv,,,1,,1,,,,,,,,,,1,,,,
https://www.justwatch.com/us/tv-show/white-christmas,white-christmas,tv,,,1,,1,,,,1,,,,,,1,,,,
https://www.justwatch.com/us/tv-show/item,item,tv,,,1,,,,,1,,,,,1,,,,,,
https://www.justwatch.com/us/tv-show/the-second-husband,the-second-husband,tv,,,1,,1,,1,,,,,1,,,,,,,
https://www.justwatch.com/us/tv-show/naked-fireman,naked-fireman,tv,,,1,,1,,,,,,,,,,1,,,,
https://www.justwatch.com/us/tv-show/she-knows-everything,she-knows-everything,tv,,,1,,,,,,,,,,,,1,,,,
https://www.justwatch.com/us/tv-show/guggasusabonbu,guggasusabonbu,tv,,,1,1,,,,,,,,,,,,,,,
https://www.justwatch.com/us/tv-show/law-of-the-jungle,law-of-the-jungle,tv,,,,1,,,,,,,,,,,,,,,1
https://www.justwatch.com/us/tv-show/time,time,tv,,,,1,1,,,,,1,,1,,,,,,,
https://www.justwatch.com/us/tv-show/my-dear-youth-coffee-prince,my-dear-youth-coffee-prince,tv,,,,1,,,,,,,,,,,,,,,
https://www.justwatch.com/us/tv-show/yacht-expedition,yacht-expedition,tv,,,,1,,,,,,,,,,,,,,,1
https://www.justwatch.com/us/tv-show/the-fan,the-fan,tv,,,,1,,,,,,,,,,,,,,,1
https://www.justwatch.com/us/tv-show/humanimal,humanimal,tv,,,,1,,,,,,,,,,,,,,,
https://www.justwatch.com/us/tv-show/eat-in-style,eat-in-style,tv,,,,1,,,1,,,,,,,,,,,,
https://www.justwatch.com/us/tv-show/jung-hae-ins-travel-log,jung-hae-ins-travel-log,tv,,,,1,,,,,,,,,,,,,,,1
https://www.justwatch.com/us/tv-show/korea-on-stage-namwon-gwanghallu,korea-on-stage-namwon-gwanghallu,tv,,,,1,1,,,,,,,,,,,,,,1
https://www.justwatch.com/us/tv-show/the-more-you-eat-with-don-spike,the-more-you-eat-with-don-spike,tv,,,,1,,,,,,,,,,,,,,,
https://www.justwatch.com/us/tv-show/whales-and-i,whales-and-i,tv,,,,1,,,,,,,,,,,,,,,
https://www.justwatch.com/us/tv-show/family-portrait,family-portrait,tv,,,,1,1,,,,,,,,,,,,,,
https://www.justwatch.com/us/tv-show/romantic-doctor-teacher-kim,romantic-doctor-teacher-kim,tv,,,,,1,,,,,,,1,,,,,,,
https://www.justwatch.com/us/tv-show/a-new-leaf,a-new-leaf,tv,,,,,1,,,,,,,1,,,,,,,
https://www.justwatch.com/us/tv-show/my-dearest,my-dearest,tv,,,,,1,,,,,1,,1,,,1,1,,,
https://www.justwatch.com/us/tv-show/the-real-deal-has-come,the-real-deal-has-come,tv,,,,,1,,1,,,,,1,,,,,,,
https://www.justwatch.com/us/tv-show/tree-with-deep-roots,tree-with-deep-roots,tv,,,,,1,,,,,,,,,,,,,,
https://www.justwatch.com/us/tv-show/falsify,falsify,tv,,,,,1,,,,,,,,,,1,,,,
https://www.justwatch.com/us/tv-show/winter-sonata,winter-sonata,tv,,,,,1,,,,,,,1,,,,,,,
https://www.justwatch.com/us/tv-show/alice-2020,alice-2020,tv,,,,,1,,,1,,,,1,1,,,,,,
https://www.justwatch.com/us/tv-show/the-nokdu-flower,the-nokdu-flower,tv,,,,,1,,,,,,,,,,,,,,
https://www.justwatch.com/us/tv-show/would-you-like-a-cup-of-coffee,would-you-like-a-cup-of-coffee,tv,,,,,1,,,,,,,,,,,,,,
https://www.justwatch.com/us/tv-show/the-emperor-owner-of-the-mask,the-emperor-owner-of-the-mask,tv,,,,,1,,,,,1,,1,,,,,,,
https://www.justwatch.com/us/tv-show/hospital-ship,hospital-ship,tv,,,,,1,,,,,,,1,,,,,,,
https://www.justwatch.com/us/tv-show/big-man,big-man,tv,,,,,1,,,,,,,1,,,,,,,
https://www.justwatch.com/us/tv-show/good-doctor,good-doctor,tv,,,,,1,,,,,,,1,,,,,,,
https://www.justwatch.com/us/tv-show/radio-romance,radio-romance,tv,,,,,1,,,,,,,1,,,,,,,
https://www.justwatch.com/us/tv-show/angel-eyes,angel-eyes,tv,,,,,1,,,,,,,1,,,,,,,
https://www.justwatch.com/us/tv-show/tempted,tempted,tv,,,,,1,,,,,,,1,,,,,,,
https://www.justwatch.com/us/tv-show/band-of-sisters,band-of-sisters,tv,,,,,1,,,,,,,1,,,,,,,
https://www.justwatch.com/us/tv-show/money-flower,money-flower,tv,,,,,1,,,,,,,,,,,,,,
https://www.justwatch.com/us/tv-show/jackpot,jackpot,tv,,,,,1,,,,,1,,,,,,,,,
https://www.justwatch.com/us/tv-show/glamorous-temptation,glamorous-temptation,tv,,,,,1,,,,,,,1,,,,,,,
https://www.justwatch.com/us/tv-show/bad-boy,bad-boy,tv,,,,,1,,,,,,,1,,,1,,,,
https://www.justwatch.com/us/tv-show/heartstrings,heartstrings,tv,,,,,1,,,,,,1,1,,,,,,,
https://www.justwatch.com/us/tv-show/marriage-contract,marriage-contract,tv,,,,,1,,,,,,,,,,,,,,
https://www.justwatch.com/us/tv-show/nice-guy,nice-guy,tv,,,,,1,,,,,,,,,,,,,,
https://www.justwatch.com/us/tv-show/your-honor,your-honor,tv,,,,,1,,,,,,,,,,,,,,
https://www.justwatch.com/us/tv-show/moon-embracing-the-sun,moon-embracing-the-sun,tv,,,,,1,,,1,,,,1,1,,,,,,
https://www.justwatch.com/us/tv-show/youth-of-may,youth-of-may,tv,,,,,1,,,,,1,,1,,,,,,,
https://www.justwatch.com/us/tv-show/stove-league,stove-league,tv,,,,,1,,,,,,,,,1,,,,,
https://www.justwatch.com/us/tv-show/strongest-deliveryman,strongest-deliveryman,tv,,,,,1,,,,,,,1,,,,,,,
https://www.justwatch.com/us/tv-show/black-knight,black-knight,tv,,,,,1,,,1,,,,1,,,,,,,
https://www.justwatch.com/us/tv-show/blood-2015,blood-2015,tv,,,,,1,,,,,,,1,1,,1,,,,
https://www.justwatch.com/us/tv-show/reunited-worlds,reunited-worlds,tv,,,,,1,,,1,,,,1,1,,,,,,
https://www.justwatch.com/us/tv-show/spotlight,spotlight,tv,,,,,1,,,,,,,,,,,,,,
https://www.justwatch.com/us/tv-show/queen-for-seven-days,queen-for-seven-days,tv,,,,,1,,,,,,,1,,,,,,,
https://www.justwatch.com/us/tv-show/doctor-john,doctor-john,tv,,,,,1,,,,,,,1,,,,,,,
https://www.justwatch.com/us/tv-show/faith,faith,tv,,,,,1,,,1,,1,,1,1,,,,,,
https://www.justwatch.com/us/tv-show/royal-family,royal-family,tv,,,,,1,,1,,,,,1,,,,,,,
https://www.justwatch.com/us/tv-show/find-me-in-your-memory,find-me-in-your-memory,tv,,,,,1,,,1,,,,1,,,,,,,
https://www.justwatch.com/us/tv-show/my-lovely-girl,my-lovely-girl,tv,,,,,1,,,,,,,,,,,,,,
https://www.justwatch.com/us/tv-show/you-are-too-much,you-are-too-much,tv,,,,,1,,,,,,,,,,,,,,
https://www.justwatch.com/us/tv-show/dont-look-back-the-legend-of-orpheus,dont-look-back-the-legend-of-orpheus,tv,,,,,1,,,,,,,1,,,1,,,,
https://www.justwatch.com/us/tv-show/fashion-king,fashion-king,tv,,,,,1,,,,,,,,,,,,,,
https://www.justwatch.com/us/tv-show/one-warm-word,one-warm-word,tv,,,,,1,,,,,,,1,,,,,,,
https://www.justwatch.com/us/tv-show/brain,brain,tv,,,,,1,,,,,,,1,,,,,,,
https://www.justwatch.com/us/tv-show/i-have-a-lover,i-have-a-lover,tv,,,,,1,,,,,,,1,,,,,,,
https://www.justwatch.com/us/tv-show/vip,vip,tv,,,,,1,,,,,,,1,,,,,,,
https://www.justwatch.com/us/tv-show/wonderful-mama,wonderful-mama,tv,,,,,1,,,,,,,1,,,,,,,
https://www.justwatch.com/us/tv-show/assembly,assembly,tv,,,,,1,,,,,,,,,,,,,,
https://www.justwatch.com/us/tv-show/the-woman-who-married-three-times,the-woman-who-married-three-times,tv,,,,,1,,1,,,,,1,,,,,,,
https://www.justwatch.com/us/tv-show/medical-top-team,medical-top-team,tv,,,,,1,,,,,,,1,,,,,,,
https://www.justwatch.com/us/tv-show/painter-of-the-wind,painter-of-the-wind,tv,,,,,1,,,,,1,,1,,,,,,,
https://www.justwatch.com/us/tv-show/hotel-king,hotel-king,tv,,,,,1,,,,,,,1,,,,,,,
https://www.justwatch.com/us/tv-show/spring-day,spring-day,tv,,,,,1,,,,,,,1,,,,,,,
https://www.justwatch.com/us/tv-show/midas,midas,tv,,,,,1,,,,,,,1,,,1,,,,
https://www.justwatch.com/us/tv-show/high-society,high-society,tv,,,,,1,,,,,,,1,,,,,,,
https://www.justwatch.com/us/tv-show/grudge-the-revolt-of-gumiho,grudge-the-revolt-of-gumiho,tv,,,,,1,,,1,,,,,1,,1,,,,
https://www.justwatch.com/us/tv-show/man-in-love,man-in-love,tv,,,,,1,,,,,,,1,,,,,,,
https://www.justwatch.com/us/tv-show/shine-or-go-crazy,shine-or-go-crazy,tv,,,,,1,,,1,,,,1,1,,,,,,
https://www.justwatch.com/us/tv-show/mask,mask,tv,,,,,1,,,,,,,1,,,,,,,
https://www.justwatch.com/us/tv-show/gods-gift-14-days,gods-gift-14-days,tv,,,,,1,,,1,,,,,,,1,,,,
https://www.justwatch.com/us/tv-show/secret-love,secret-love,tv,,,,,1,,,,,,,1,,,,,,,
https://www.justwatch.com/us/tv-show/cinderella-man,cinderella-man,tv,,,,,1,,,,,,,,,,,,,,
https://www.justwatch.com/us/tv-show/the-third-marriage,the-third-marriage,tv,,,,,1,,,,,,,1,,,,,,,
https://www.justwatch.com/us/tv-show/jumong,jumong,tv,,,,,1,,,,,1,,,,,,1,,,
https://www.justwatch.com/us/tv-show/my-lawyer-mr-jo,my-lawyer-mr-jo,tv,,,,,1,,,,,,,,,,,,,,
https://www.justwatch.com/us/tv-show/the-rich-son,the-rich-son,tv,,,,,1,,1,,,,,1,,,,,,,
https://www.justwatch.com/us/tv-show/oh-my-lady,oh-my-lady,tv,,,,,1,,,,,,,,,,,,,,
https://www.justwatch.com/us/tv-show/mother-of-mine,mother-of-mine,tv,,,,,1,,1,,,,,1,,,,,,,
https://www.justwatch.com/us/tv-show/heart-surgeons,heart-surgeons,tv,,,,,1,,,,,,,,,,,,,,
https://www.justwatch.com/us/tv-show/golden-rainbow,golden-rainbow,tv,,,,,1,,,,,,,1,,,,,,,
https://www.justwatch.com/us/tv-show/blow-breeze,blow-breeze,tv,,,,,1,,,,,,,1,,,,,,,
https://www.justwatch.com/us/tv-show/the-seasons-1987,the-seasons-1987,tv,,,,,1,,,,,,,,,,,,,,
https://www.justwatch.com/us/tv-show/punch,punch,tv,,,,,1,,,,,,,1,,,1,,,,
https://www.justwatch.com/us/tv-show/woman-of-9-9-billion,woman-of-9-9-billion,tv,,,,,1,,,,,,,,,,,,,,
https://www.justwatch.com/us/tv-show/live-your-own-life,live-your-own-life,tv,,,,,1,,1,,,,,1,,,,,,,
https://www.justwatch.com/us/tv-show/let-me-introduce-her,let-me-introduce-her,tv,,,,,1,,,,,,,,,,,,,,
https://www.justwatch.com/us/tv-show/goodbye-to-goodbye,goodbye-to-goodbye,tv,,,,,1,,,,,,,1,,,,,,,
https://www.justwatch.com/us/tv-show/the-goddess-of-fire,the-goddess-of-fire,tv,,,,,1,,,,,1,,1,,,,,,,
https://www.justwatch.com/us/tv-show/marry-me-now,marry-me-now,tv,,,,,1,,1,,,,,1,,,,,,,
https://www.justwatch.com/us/tv-show/the-suspicious-housekeeper,the-suspicious-housekeeper,tv,,,,,1,,,,,,,,,,1,,,,
https://www.justwatch.com/us/tv-show/surgeon-bong-dal-hee,surgeon-bong-dal-hee,tv,,,,,1,,,,,,,,,,,,,,
https://www.justwatch.com/us/tv-show/the-banker,the-banker,tv,,,,,1,,,,,,,,,,,,,,
https://www.justwatch.com/us/tv-show/autumn-tale,autumn-tale,tv,,,,,1,,,,,,,1,,,,,,,
https://www.justwatch.com/us/tv-show/king-of-baking-kim-tak-goo,king-of-baking-kim-tak-goo,tv,,,,,1,,1,,,,,1,,,,,,,
https://www.justwatch.com/us/tv-show/temptation-of-wife,temptation-of-wife,tv,,,,,1,,,,,,,1,,,,,,,
https://www.justwatch.com/us/tv-show/hwang-jin-yi,hwang-jin-yi,tv,,,,,1,,,,,,,,,,,,,,
https://www.justwatch.com/us/tv-show/master-god-of-noodles,master-god-of-noodles,tv,,,,,1,,,,,,,1,,,,,,,
https://www.justwatch.com/us/tv-show/scandal-a-shocking-and-wrongful-incident,scandal-a-shocking-and-wrongful-incident,tv,,,,,1,,1,,,,,1,,,1,,,,
https://www.justwatch.com/us/tv-show/new-heart,new-heart,tv,,,,,1,,,,,,,1,,,,,,,
https://www.justwatch.com/us/tv-show/on-air,on-air,tv,,,,,1,,,,,,,,,,,,,,
https://www.justwatch.com/us/tv-show/all-about-my-mom,all-about-my-mom,tv,,,,,1,,,,,,,1,,,,,,,
https://www.justwatch.com/us/tv-show/jewel-in-the-palace,jewel-in-the-palace,tv,,,,,1,,,,,1,,1,,,,,,,
https://www.justwatch.com/us/tv-show/dong-yi,dong-yi,tv,,,,,1,,,,,1,,1,,,,,,,
https://www.justwatch.com/us/tv-show/yi-san,yi-san,tv,,,,,1,,,,,1,,,,,,,,,
https://www.justwatch.com/us/tv-show/big-issue,big-issue,tv,,,,,1,,,,,,,,,,,,,,
https://www.justwatch.com/us/tv-show/blade-man,blade-man,tv,,,,,1,,,1,,,,1,1,,,,,,
https://www.justwatch.com/us/tv-show/the-elegant-empire,the-elegant-empire,tv,,,,,1,,,,,,,,,,1,,,,
https://www.justwatch.com/us/tv-show/the-merchant-gaekju-2015,the-merchant-gaekju-2015,tv,,,,,1,,,,,1,,,,,,,,,
https://www.justwatch.com/us/tv-show/successful-story-of-a-bright-girl,successful-story-of-a-bright-girl,tv,,,,,1,,,,,,,,,,,,,,
https://www.justwatch.com/us/tv-show/father-ill-take-care-of-you,father-ill-take-care-of-you,tv,,,,,1,,1,,,,,1,,,,,,,
https://www.justwatch.com/us/tv-show/haneulyi-inyeon,haneulyi-inyeon,tv,,,,,1,,1,,,,,,,,,,,,
https://www.justwatch.com/us/tv-show/que-sera-sera,que-sera-sera,tv,,,,,1,,,,,,,1,,,,,,,
https://www.justwatch.com/us/tv-show/ruler-of-your-own-world,ruler-of-your-own-world,tv,,,,,1,,,,,,,1,,,,,,,
https://www.justwatch.com/us/tv-show/obstetrics-and-gynecology-doctors,obstetrics-and-gynecology-doctors,tv,,,,,1,,,,,,,1,,,,,,,
https://www.justwatch.com/us/tv-show/the-flower-in-prison,the-flower-in-prison,tv,,,,,1,,,,,1,,,,,,,,,
https://www.justwatch.com/us/tv-show/a-love-to-kill,a-love-to-kill,tv,,,,,1,,,,,,,1,,,,,,,
https://www.justwatch.com/us/tv-show/partner,partner,tv,,,,,1,,,,,,,1,,,,,,,
https://www.justwatch.com/us/tv-show/splendid-politics-2015,splendid-politics-2015,tv,,,,,1,,,,,1,,1,,,,,,,
https://www.justwatch.com/us/tv-show/the-fugitive-of-joseon,the-fugitive-of-joseon,tv,,,,,1,,,,,1,,1,,,1,,,,
https://www.justwatch.com/us/tv-show/my-healing-love,my-healing-love,tv,,,,,1,,1,,,,,1,,,,,,,
https://www.justwatch.com/us/tv-show/my-20th-twenty,my-20th-twenty,tv,,,,,1,,,1,,,1,1,,,,,,,
https://www.justwatch.com/us/tv-show/ms-ma-nemesis,ms-ma-nemesis,tv,,,,,1,,,,,,,,,,1,,,,
https://www.justwatch.com/us/tv-show/im-sorry-i-love-you,im-sorry-i-love-you,tv,,,,,1,,,,,,,,,,,,,,
https://www.justwatch.com/us/tv-show/ms-perfect,ms-perfect,tv,,,,,1,,,,,,,,,,,,,,
https://www.justwatch.com/us/tv-show/dont-be-jealous,dont-be-jealous,tv,,,,,1,,,,,,,1,,,,,,,1
https://www.justwatch.com/us/tv-show/temptation-2014,temptation-2014,tv,,,,,1,,,,,,,1,,,,,,,
https://www.justwatch.com/us/tv-show/the-good-witch,the-good-witch,tv,,,,,1,,,,,,,,,,,,,,
https://www.justwatch.com/us/tv-show/golden-garden,golden-garden,tv,,,,,1,,,,,,,1,,,1,,,,
https://www.justwatch.com/us/tv-show/my-daughter-geum-sa-wol,my-daughter-geum-sa-wol,tv,,,,,1,,1,,,,,1,,,,,,,
https://www.justwatch.com/us/tv-show/in-cold-blood-2024,in-cold-blood-2024,tv,,,,,1,,1,,,,,,,,1,,,,
https://www.justwatch.com/us/tv-show/fates-and-furies,fates-and-furies,tv,,,,,1,,,,,,,1,,,,,,,
https://www.justwatch.com/us/tv-show/my-lovely-boxer,my-lovely-boxer,tv,,,,,1,,,,,,,1,,1,,,,,
https://www.justwatch.com/us/tv-show/bad-papa,bad-papa,tv,,,,,1,,1,,,,,,,,,,,,
https://www.justwatch.com/us/tv-show/where-stars-land,where-stars-land,tv,,,,,1,,,,,,,1,,,,,,,
https://www.justwatch.com/us/tv-show/just-dance,just-dance,tv,,,,,1,,,,,,,,,,,,,,
https://www.justwatch.com/us/tv-show/born-again,born-again,tv,,,,,1,,,1,,,,1,,,,,,,
https://www.justwatch.com/us/tv-show/the-great-queen-seondeok,the-great-queen-seondeok,tv,,,,,1,,,,,1,,1,,,,,,,
https://www.justwatch.com/us/tv-show/joseon-lawyer,joseon-lawyer,tv,,,,,1,,,,,,,,,,,,,,
https://www.justwatch.com/us/tv-show/jang-ok-jung-living-by-love,jang-ok-jung-living-by-love,tv,,,,,1,,,,,1,,1,,,,,,,
https://www.justwatch.com/us/tv-show/a-pledge-to-god,a-pledge-to-god,tv,,,,,1,,,,,,,1,,,,,,,
https://www.justwatch.com/us/tv-show/stairway-to-heaven,stairway-to-heaven,tv,,,,,1,,,,,,,1,,,,,,,
https://www.justwatch.com/us/tv-show/secret-door,secret-door,tv,,,,,1,,,,,1,,,,,1,,,,
https://www.justwatch.com/us/tv-show/queen-of-ambition,queen-of-ambition,tv,,,,,1,,,,,,,1,,,,,,,
https://www.justwatch.com/us/tv-show/page-turner,page-turner,tv,,,,,1,,,,,,1,,,,,,,,
https://www.justwatch.com/us/tv-show/piano,piano,tv,,,,,1,,1,,,,,1,,,,,,,
https://www.justwatch.com/us/tv-show/a-hundred-year-legacy,a-hundred-year-legacy,tv,,,,,1,,1,,,,,1,,,,,,,
https://www.justwatch.com/us/tv-show/love-twist,love-twist,tv,,,,,1,,,,,,,,,,,,,,
https://www.justwatch.com/us/tv-show/do-you-like-brahms,do-you-like-brahms,tv,,,,,1,,,,,,1,1,,,,,,,
https://www.justwatch.com/us/tv-show/remember,remember,tv,,,,,1,,,,,,,,,,1,,,,
https://www.justwatch.com/us/tv-show/run-into-you,run-into-you,tv,,,,,1,,,,,,,1,1,,,,,,
https://www.justwatch.com/us/tv-show/mother-has-an-affair,mother-has-an-affair,tv,,,,,1,,1,,,,,1,,,,,,,
https://www.justwatch.com/us/tv-show/fix-you,fix-you,tv,,,,,1,,,,,,,,,,,,,,
https://www.justwatch.com/us/tv-show/assidurian,assidurian,tv,,,,,1,,,1,,,,1,1,,,,,,
https://www.justwatch.com/us/tv-show/the-secret-house,the-secret-house,tv,,,,,1,,,,,,,,,,,,,,
https://www.justwatch.com/us/tv-show/knight-flower,knight-flower,tv,,,,,1,,,,,,,,,,,,,,
https://www.justwatch.com/us/tv-show/behind-the-white-tower,behind-the-white-tower,tv,,,,,1,,,,,,,,,,,,,,
https://www.justwatch.com/us/tv-show/empire-of-gold,empire-of-gold,tv,,,,,1,,,,,,,1,,,1,,,,
https://www.justwatch.com/us/tv-show/secret-woman,secret-woman,tv,,,,,1,,,,,,,1,,,1,,,,
https://www.justwatch.com/us/tv-show/hide-and-seek,hide-and-seek,tv,,,,,1,,,,,,,,,,,,,,
https://www.justwatch.com/us/tv-show/fatal-promise,fatal-promise,tv,,,,,1,,,,,,,1,,,,,,,
https://www.justwatch.com/us/tv-show/the-thorn-birds-2011,the-thorn-birds-2011,tv,,,,,1,,,,,,,1,,,,,,,
https://www.justwatch.com/us/tv-show/beautiful-mind,beautiful-mind,tv,,,,,1,,,,,,,1,,,1,,,,
https://www.justwatch.com/us/tv-show/go-back-couple,go-back-couple,tv,,,,,1,,,1,,,,1,1,,,,,,
https://www.justwatch.com/us/tv-show/the-kings-doctor,the-kings-doctor,tv,,,,,1,,,,,1,,1,,,,,,,
https://www.justwatch.com/us/tv-show/secret-boutique,secret-boutique,tv,,,,,1,,,,,,,,,,,,,,
https://www.justwatch.com/us/tv-show/lights-and-shadows,lights-and-shadows,tv,,,,,1,,,,,,,1,,,,,,,
https://www.justwatch.com/us/tv-show/man-from-the-equator,man-from-the-equator,tv,,,,,1,,,,,,,,,,1,,,,
https://www.justwatch.com/us/tv-show/again-my-love,again-my-love,tv,,,,,1,,,,,,,1,,,,,,,
https://www.justwatch.com/us/tv-show/may-queen,may-queen,tv,,,,,1,,,,,,,1,,,,,,,
https://www.justwatch.com/us/tv-show/return,return,tv,,,,,1,,,,,,,,,,1,,,,
https://www.justwatch.com/us/tv-show/lovers,lovers,tv,,,,,1,,,,,,,1,,,,,,,
https://www.justwatch.com/us/tv-show/xx,xx,tv,,,,,1,,,,,,,1,,,,,,,
https://www.justwatch.com/us/tv-show/one-fine-day,one-fine-day,tv,,,,,1,,,,,,,1,,,,,,,
https://www.justwatch.com/us/tv-show/bbalgang-gudu,bbalgang-gudu,tv,,,,,1,,1,,,,,,,,,,,,
https://www.justwatch.com/us/tv-show/jang-bo-ri-is-here,jang-bo-ri-is-here,tv,,,,,1,,1,,,,,1,,,,,,,
https://www.justwatch.com/us/tv-show/two-mothers,two-mothers,tv,,,,,1,,,,,,,1,,,,,,,
https://www.justwatch.com/us/tv-show/girls-generation-1979,girls-generation-1979,tv,,,,,1,,,,,,,1,,,,,,,
https://www.justwatch.com/us/tv-show/the-spring-day-of-my-life,the-spring-day-of-my-life,tv,,,,,1,,,,,,,1,,,,,,,
https://www.justwatch.com/us/tv-show/should-we-kiss-first,should-we-kiss-first,tv,,,,,1,,,,,,,1,,,,,,,
https://www.justwatch.com/us/tv-show/a-good-supper,a-good-supper,tv,,,,,1,,,,,,,1,,,,,,,
https://www.justwatch.com/us/tv-show/hold-me-tight,hold-me-tight,tv,,,,,1,,,,,,,,,,,,,,
https://www.justwatch.com/us/tv-show/everybody-say-kungdari,everybody-say-kungdari,tv,,,,,1,,,,,,,,,,,,,,1
https://www.justwatch.com/us/tv-show/lovers-in-prague,lovers-in-prague,tv,,,,,1,,,,,,,1,,,,,,,
https://www.justwatch.com/us/tv-show/golden-cross,golden-cross,tv,,,,,1,,1,,,,,,,,,,,,
https://www.justwatch.com/us/tv-show/my-heart-twinkle-twinkle,my-heart-twinkle-twinkle,tv,,,,,1,,1,,,,,1,,,,,,,
https://www.justwatch.com/us/tv-show/vengeance-of-the-bride,vengeance-of-the-bride,tv,,,,,1,,1,,,,,,,,1,,,,
https://www.justwatch.com/us/tv-show/beauty-and-the-devoted,beauty-and-the-devoted,tv,,,,,1,,1,,,,,1,,,,,,,
https://www.justwatch.com/us/tv-show/babysitter,babysitter,tv,,,,,1,,,,,,,,,,1,,,,
https://www.justwatch.com/us/tv-show/individualist-ms-ji-young,individualist-ms-ji-young,tv,,,,,1,,,,,,,1,,,,,,,
https://www.justwatch.com/us/tv-show/taejong-lee-bang-won,taejong-lee-bang-won,tv,,,,,1,,,,,1,,,,,,1,,,
https://www.justwatch.com/us/tv-show/soul,soul,tv,,,,,1,,,,1,,,,,,1,,,,
https://www.justwatch.com/us/tv-show/doctor-detective,doctor-detective,tv,,,,,1,,,,,,,,,,1,,,,
https://www.justwatch.com/us/tv-show/my-husband-mr-oh,my-husband-mr-oh,tv,,,,,1,,,,,,,1,,,,,,,
https://www.justwatch.com/us/tv-show/amanza,amanza,tv,,,,,1,,,1,,,,,,,,,,,
https://www.justwatch.com/us/tv-show/love-scene-number,love-scene-number,tv,,,,,1,,,,,,,,,,,,,,
https://www.justwatch.com/us/tv-show/stars-lover,stars-lover,tv,,,,,1,,,,,,,1,,,,,,,
https://www.justwatch.com/us/tv-show/recipe-for-farewell,recipe-for-farewell,tv,,,,,1,,1,,,,,,,,,,,,
https://www.justwatch.com/us/tv-show/man-who-dies-to-live,man-who-dies-to-live,tv,,,,,1,,,,,,,,,,,,,,
https://www.justwatch.com/us/tv-show/robber,robber,tv,,,,,1,,,,,,,1,,,,,,,
https://www.justwatch.com/us/tv-show/secret-mother,secret-mother,tv,,,,,1,,,,,,,,,,1,,,,
https://www.justwatch.com/us/tv-show/miss-montecristo,miss-montecristo,tv,,,,,1,,,,,,,,,,1,,,,
https://www.justwatch.com/us/tv-show/the-love-in-your-eyes,the-love-in-your-eyes,tv,,,,,1,,1,,,,,1,,,,,,,
https://www.justwatch.com/us/tv-show/drama-festival,drama-festival,tv,,,,,1,,,,,,,,,,,,,,
https://www.justwatch.com/us/tv-show/screen,screen,tv,,,,,1,,,,,,,,,,,,,,
https://www.justwatch.com/us/tv-show/the-all-round-wife,the-all-round-wife,tv,,,,,1,,1,,,,,,,,,,,,
https://www.justwatch.com/us/tv-show/lovers-in-paris,lovers-in-paris,tv,,,,,1,,,,,,,,,,,,,,
https://www.justwatch.com/us/tv-show/the-clinic-for-married-couples-love-and-war,the-clinic-for-married-couples-love-and-war,tv,,,,,1,,,,,,,,,,,,,,
https://www.justwatch.com/us/tv-show/what-happened-in-bali,what-happened-in-bali,tv,,,,,1,,,,,,,,,,,,,,
https://www.justwatch.com/us/tv-show/hotelier,hotelier,tv,,,,,1,,,,,,,1,,,,,,,
https://www.justwatch.com/us/tv-show/everything-and-nothing-2019,everything-and-nothing-2019,tv,,,,,1,,,,,,,,,,,,,,
https://www.justwatch.com/us/tv-show/kang-goos-story,kang-goos-story,tv,,,,,1,,1,,,,,1,,,,,,,
https://www.justwatch.com/us/tv-show/my-fantastic-funeral,my-fantastic-funeral,tv,,,,,1,,,,,,,,,,,,,,
https://www.justwatch.com/us/tv-show/when-i-was-the-most-beautiful,when-i-was-the-most-beautiful,tv,,,,,1,,,,,,,1,,,,,,,
https://www.justwatch.com/us/tv-show/puck,puck,tv,,,,,1,,,,,,,,,,,,,,
https://www.justwatch.com/us/tv-show/will-it-snow-for-christmas,will-it-snow-for-christmas,tv,,,,,1,,,,,,,1,,,,,,,
https://www.justwatch.com/us/tv-show/prosecutor-mata-hari,prosecutor-mata-hari,tv,,,,,1,,,,,,,1,,,,,,,
https://www.justwatch.com/us/tv-show/summer-scent,summer-scent,tv,,,,,1,,,,,,,1,,,,,,,
https://www.justwatch.com/us/tv-show/check-out-the-event,check-out-the-event,tv,,,,,1,,,,,,,,,,,,,,
https://www.justwatch.com/us/tv-show/taereungseonsucon,taereungseonsucon,tv,,,,,1,,,,,,,,,,,,,,
https://www.justwatch.com/us/tv-show/first-love-again-2022,first-love-again-2022,tv,,,,,1,,,,,,,1,,,,,,,
https://www.justwatch.com/us/tv-show/amor-fati,amor-fati,tv,,,,,1,,,,,,,,,,,,,,
https://www.justwatch.com/us/tv-show/boar-hunt,boar-hunt,tv,,,,,1,,,,,,,,,,1,,,,
https://www.justwatch.com/us/tv-show/gold-mask,gold-mask,tv,,,,,1,,,,,,,,,,,,,,
https://www.justwatch.com/us/tv-show/sound-candy,sound-candy,tv,,,,,1,,,,,,,,,,,,,,
https://www.justwatch.com/us/tv-show/not-found-love,not-found-love,tv,,,,,1,,,,,,,1,,,,,,,
https://www.justwatch.com/us/tv-show/heres-my-plan,heres-my-plan,tv,,,,,1,,,,,,,1,,,,,,,
https://www.justwatch.com/us/tv-show/women-of-the-sun,women-of-the-sun,tv,,,,,1,,,,,,,1,,,,,,,
https://www.justwatch.com/us/tv-show/poetry-story,poetry-story,tv,,,,,1,,,,,,,,,,,,,,
https://www.justwatch.com/us/tv-show/the-escape-of-the-seven-2023,the-escape-of-the-seven-2023,tv,,,,,1,,,,,,,,,,1,,,,
https://www.justwatch.com/us/tv-show/mystery-freshman,mystery-freshman,tv,,,,,1,,,,,,,,,,,,,,
https://www.justwatch.com/us/tv-show/where-is-my-home,where-is-my-home,tv,,,,,,,1,,,,,,,,,,,,1
https://www.justwatch.com/us/tv-show/haha-bus-hahaverse,haha-bus-hahaverse,tv,,,,,,,1,,,,,,,,,,,,1
https://www.justwatch.com/us/tv-show/united-fathers,united-fathers,tv,,,,,,,1,,,,,,,,,,,,
https://www.justwatch.com/us/tv-show/orange-marmalade,orange-marmalade,tv,,,,,,,,1,,,,1,1,,,,,,
https://www.justwatch.com/us/tv-show/mystery-music-show-king-of-mask-singer,mystery-music-show-king-of-mask-singer,tv,,,,,,,,,,,1,,,,,,,,1
https://www.justwatch.com/us/tv-show/show-music-core,show-music-core,tv,,,,,,,,,,,1,,,,,,,,1
https://www.justwatch.com/us/tv-show/you-hee-yeols-sketchbook,you-hee-yeols-sketchbook,tv,,,,,,,,,,,1,,,,,,,,
https://www.justwatch.com/us/tv-show/music-bank,music-bank,tv,,,,,,,,,,,1,,,,,,,,1
https://www.justwatch.com/us/tv-show/inkigayo-the-music-trend,inkigayo-the-music-trend,tv,,,,,,,,,,,1,,,,,,,,1
https://www.justwatch.com/us/tv-show/nct-universe-lastart,nct-universe-lastart,tv,,,,,,,,,,,1,,,,,,,,1
https://www.justwatch.com/us/tv-show/under-nineteen,under-nineteen,tv,,,,,,,,,,,1,,,,,,,,1
https://www.justwatch.com/us/tv-show/the-unit-2017,the-unit-2017,tv,,,,,,,,,,,1,,,,,,,,1
https://www.justwatch.com/us/tv-show/dancing-high,dancing-high,tv,,,,,,,,,,,1,,,,,,,,1
https://www.justwatch.com/us/tv-show/immortal-songs,immortal-songs,tv,,,,,,,,,,,1,,,,,,,,1
https://www.justwatch.com/us/tv-show/jyps-party-people,jyps-party-people,tv,,,,,,,,,,,1,,,,,,,,
https://www.justwatch.com/us/tv-show/change-days,change-days,tv,,,,,,,,,,,,1,,,,,,,1
https://www.justwatch.com/us/tv-show/nct-life,nct-life,tv,,,,,,,,,,,,,,,,,,,1
https://www.justwatch.com/us/tv-show/weekly-idol,weekly-idol,tv,,,,,,,,,,,,,,,,,,,1
https://www.justwatch.com/us/tv-show/moms-diary-my-ugly-duckling,moms-diary-my-ugly-duckling,tv,,,,,,,,,,,,,,,,,,,1
https://www.justwatch.com/us/tv-show/the-return-of-superman,the-return-of-superman,tv,,,,,,,,,,,,,,,,,,,1
https://www.justwatch.com/us/tv-show/my-little-television,my-little-television,tv,,,,,,,,,,,,,,,,,,,1
https://www.justwatch.com/us/tv-show/yo-welcome-to-korea,yo-welcome-to-korea,tv,,,,,,,,,,,,,,,,,,,1
https://www.justwatch.com/us/tv-show/yeonaeyi-camgyeon,yeonaeyi-camgyeon,tv,,,,,,,,,,,,,,,,,,,1
https://www.justwatch.com/us/tv-show/nana-tour-with-seventeen,nana-tour-with-seventeen,tv,,,,,,,,,,,,,,,,,,,1
https://www.justwatch.com/us/tv-show/celebrity-bromance,celebrity-bromance,tv,,,,,,,,,,,,,,,,,,,1
https://www.justwatch.com/us/tv-show/adventure-by-accident,adventure-by-accident,tv,,,,,,,,,,,,,,,,,,,1
https://www.justwatch.com/us/tv-show/idol-on-the-quiz,idol-on-the-quiz,tv,,,,,,,,,,,,,,,,,,,1
https://www.justwatch.com/us/tv-show/its-okay-to-go-a-little-crazy,its-okay-to-go-a-little-crazy,tv,,,,,,,,,,,,,,,,,,,1
https://www.justwatch.com/us/tv-show/my-siblings-romance,my-siblings-romance,tv,,,,,,,,,,,,1,,,,,,,1
https://www.justwatch.com/us/tv-show/in-the-soop-seventeen-ver,in-the-soop-seventeen-ver,tv,,,,,,,,,,,,,,,,,,,1
https://www.justwatch.com/us/tv-show/namyi-yeonae,namyi-yeonae,tv,,,,,,,,,,,,,,,,,,,1
https://www.justwatch.com/us/tv-show/world-dice-tour,world-dice-tour,tv,,,,,,,,,,,,,,,,,,,1
https://www.justwatch.com/us/tv-show/bloody-game,bloody-game,tv,,,,,,,,,,,,,,,1,,,,1
https://www.justwatch.com/us/tv-show/hyemilee-yechaepa,hyemilee-yechaepa,tv,,,,,,,,,,,,,,,,,,,1
https://www.justwatch.com/us/tv-show/park-jangs-lol-league-of-love-coaching,park-jangs-lol-league-of-love-coaching,tv,,,,,,,,,,,,1,,,,,,,1
https://www.justwatch.com/us/tv-show/handsome-tigers,handsome-tigers,tv,,,,,,,,,,,,,,,,,,,1
https://www.justwatch.com/us/tv-show/baek-jong-wons-class,baek-jong-wons-class,tv,,,,,,,,,,,,,,,,,,,1
https://www.justwatch.com/us/tv-show/idol-drama-operation-team,idol-drama-operation-team,tv,,,,,,,,,,,,,,,,,,,1
https://www.justwatch.com/us/tv-show/village-survival-the-eight,village-survival-the-eight,tv,,,,,,,,,,,,,,,,,,,1
https://www.justwatch.com/us/tv-show/i-am-solo,i-am-solo,tv,,,,,,,,,,,,1,,,,,,,1
https://www.justwatch.com/us/tv-show/little-forest,little-forest,tv,,,,,,,,,,,,,,,,,,,1
https://www.justwatch.com/us/tv-show/its-dangerous-beyond-the-blankets,its-dangerous-beyond-the-blankets,tv,,,,,,,,,,,,,,,,,,,1
https://www.justwatch.com/us/tv-show/re-verse,re-verse,tv,,,,,,,,,,,,,,,,,,,1
https://www.justwatch.com/us/tv-show/thumbnail-battle-the-strongest-hearts,thumbnail-battle-the-strongest-hearts,tv,,,,,,,,,,,,,,,,,,,1
https://www.justwatch.com/us/tv-show/sisters-salon,sisters-salon,tv,,,,,,,,,,,,,,,,,,,1
https://www.justwatch.com/us/tv-show/because-i-want-to-talk,because-i-want-to-talk,tv,,,,,,,,,,,,,,,,,,,1
https://www.justwatch.com/us/tv-show/nyujinseu-kodeu-in-busan,nyujinseu-kodeu-in-busan,tv,,,,,,,,,,,,,,,,,,,1
https://www.justwatch.com/us/tv-show/sebilriayi-ibalsa,sebilriayi-ibalsa,tv,,,,,,,,,,,,,,,,,,,1
https://www.justwatch.com/us/tv-show/need-for-womance,need-for-womance,tv,,,,,,,,,,,,,,,,,,,1
https://www.justwatch.com/us/tv-show/mission-codered,mission-codered,tv,,,,,,,,,,,,,,,,,,,1
https://www.justwatch.com/us/tv-show/local-dining-table,local-dining-table,tv,,,,,,,,,,,,,,,,,,,1
https://www.justwatch.com/us/tv-show/no-math-school-trip,no-math-school-trip,tv,,,,,,,,,,,,,,,,,,,1
https://www.justwatch.com/us/tv-show/playou,playou,tv,,,,,,,,,,,,,,,,,,,1
https://www.justwatch.com/us/tv-show/alumni-lovers,alumni-lovers,tv,,,,,,,,,,,,1,,,,,,,1
https://www.justwatch.com/us/tv-show/dopojarak-story-of-homme-the-k-wanderer,dopojarak-story-of-homme-the-k-wanderer,tv,,,,,,,,,,,,,,,,,,,1
https://www.justwatch.com/us/tv-show/extreme-debut-wild-idol,extreme-debut-wild-idol,tv,,,,,,,,,,,,,,,,,,,1
https://www.justwatch.com/us/tv-show/urban-cops,urban-cops,tv,,,,,,,,,,,,,,,,,,,1
https://www.justwatch.com/us/tv-show/geomeun-yang-geim,geomeun-yang-geim,tv,,,,,,,,,,,,,,,,,,,1
https://www.justwatch.com/us/tv-show/ddeogboggijib-geu-obba,ddeogboggijib-geu-obba,tv,,,,,,,,,,,,,,,,,,,1
https://www.justwatch.com/us/tv-show/eseupayi-singkeurodeu,eseupayi-singkeurodeu,tv,,,,,,,,,,,,,,,,,,,1
https://www.justwatch.com/us/tv-show/the-legend-the-new-singer,the-legend-the-new-singer,tv,,,,,,,,,,,,,,,,,,,1
https://www.justwatch.com/us/tv-show/a-cappella-of-the-villains,a-cappella-of-the-villains,tv,,,,,,,,,,,,,,,,,,,1
https://www.justwatch.com/us/tv-show/drink-with-god,drink-with-god,tv,,,,,,,,,,,,,,,,,,,1
https://www.justwatch.com/us/tv-show/love-mafia,love-mafia,tv,,,,,,,,,,,,,,,,,,,1
https://www.justwatch.com/us/tv-show/wayvision,wayvision,tv,,,,,,,,,,,,,,,,,,,1
https://www.justwatch.com/us/tv-show/mtopia,mtopia,tv,,,,,,,,,,,,,,,,,,,1
https://www.justwatch.com/us/tv-show/rookie-king-channel-bangtan,rookie-king-channel-bangtan,tv,,,,,,,,,,,,,,,,,,,1
https://www.justwatch.com/us/tv-show/love-or-friendship,love-or-friendship,tv,,,,,,,,,,,,1,,,,,,,
https://www.justwatch.com/us/tv-show/love-me-actually,love-me-actually,tv,,,,,,,,,,,,1,,,,,,,
https://www.justwatch.com/us/tv-show/matching-survival-1-1,matching-survival-1-1,tv,,,,,,,,,,,,1,,,,,,,
https://www.justwatch.com/us/tv-show/ibyeoldo-rikoli-doenayo,ibyeoldo-rikoli-doenayo,tv,,,,,,,,,,,,1,,,,,,,
https://www.justwatch.com/us/tv-show/the-village-achiaras-secret,the-village-achiaras-secret,tv,,,,,,,,,,,,,,,1,,,,
